,I1,I2,I3,I4,I5,I6,I7,I8,I9,I10,I11,I12,I13,I14,I15,I16,I17,I18,I19,I20,I21,I22,I23,I24,I25,I26,I27,I28,I29,I30,I31,I32
E1,D,B,D,C,E,A,E,E,D,,B,C,D,,C,A,D,A,E,D,E,C,A,B,E,E,A,B,D,B,,C
E2,D,B,,C,E,B,A,C,D,A,E,C,C,B,B,D,E,D,E,A,D,C,D,C,C,,C,D,D,B,E,D
E3,B,D,D,C,E,A,D,C,D,D,D,A,C,A,B,A,E,D,A,D,E,B,D,D,B,A,A,E,D,E,E,B
E4,D,D,,A,E,,E,E,D,B,E,C,C,,D,C,E,D,D,B,D,C,C,D,E,C,D,B,B,B,B,B
E5,B,B,E,A,C,C,B,E,D,A,D,B,D,A,C,C,E,B,D,B,B,D,A,E,A,A,D,A,D,B,A,B
E6,A,D,D,B,A,C,E,D,D,A,D,,C,,C,C,A,D,B,B,E,B,C,D,A,,D,C,B,B,A,A
E7,B,B,,B,A,D,B,,D,A,D,,C,C,C,C,E,E,A,B,,A,,,A,C,A,,C,B,A,D
E8,B,A,C,C,E,A,D,B,D,D,C,A,C,A,A,B,B,A,E,B,D,A,A,A,D,E,E,E,A,C,A,D
E9,B,A,B,C,E,B,B,E,D,A,E,C,B,E,B,D,B,C,A,A,E,C,E,A,B,C,A,E,B,B,C,A
E10,D,C,A,E,A,A,E,C,D,B,E,C,C,A,C,A,A,D,D,B,E,D,D,E,A,C,E,D,B,A,E,E
E11,A,,C,C,,,B,,,A,D,E,,D,B,A,B,E,,B,B,B,,A,,B,,C,D,A,E,
E12,E,E,E,D,E,D,D,E,C,A,E,C,C,,C,C,A,E,B,B,A,B,D,,A,D,A,,D,E,A,B
E13,B,,,C,A,E,A,B,D,D,E,,,,C,C,E,E,,,A,,,,A,D,C,,B,E,D,
E14,B,D,D,A,C,A,E,B,D,A,E,A,B,A,E,C,E,C,A,D,E,E,B,B,B,C,A,A,D,D,A,E
E15,D,D,D,A,,,D,C,,C,D,,C,C,C,C,A,E,,B,E,C,D,,,A,A,C,,,,
E16,A,A,B,A,A,A,D,A,D,D,C,E,C,E,A,D,E,A,E,B,A,D,B,A,E,E,C,C,E,A,E,C
E17,D,D,D,B,E,D,E,E,D,A,D,C,C,C,A,C,E,E,,C,E,B,C,D,A,C,A,C,C,A,B,C
E18,C,C,C,B,A,E,E,E,D,D,D,C,C,,C,A,B,B,D,B,C,B,A,D,A,C,D,C,A,B,A,A
E19,B,A,,B,E,,D,B,D,,D,D,C,,C,C,E,E,A,B,D,B,C,,E,C,D,C,,A,A,B
E20,A,D,E,E,A,A,E,B,D,A,E,A,C,,A,C,A,A,A,B,E,C,E,C,A,A,A,B,D,B,D,B
E21,B,D,A,E,E,D,E,E,C,A,D,D,C,A,C,C,C,E,E,B,D,B,D,D,A,D,D,D,A,A,A,A
E22,C,D,D,C,A,C,E,E,D,A,D,A,C,C,C,C,A,D,B,B,,B,D,D,A,A,A,C,D,,A,A
E23,A,B,C,B,A,D,E,E,D,A,E,,E,,C,C,E,A,,B,,B,D,,A,,D,C,,B,,D
E24,,,B,,,,B,C,A,D,,,,,E,,,,,,,C,,,,A,,,,,,
E25,B,B,D,A,A,A,E,B,D,D,B,E,A,C,B,D,E,D,B,D,B,B,B,A,A,C,A,D,E,E,D,E
E26,D,D,D,B,A,D,E,B,D,A,D,C,C,C,B,C,E,D,D,B,D,B,D,D,A,A,D,C,B,D,A,C
E27,C,C,E,E,E,D,E,C,D,A,D,A,C,,C,A,A,D,B,B,E,B,D,C,A,A,D,,B,D,D,A
E28,D,C,,B,E,D,B,A,D,A,E,,A,C,B,C,C,,D,B,C,,C,A,D,,A,B,D,,,
E29,B,A,,A,E,D,B,E,A,D,,B,E,B,D,A,E,D,C,D,E,,D,A,C,A,D,D,A,D,C,C
E30,B,D,E,C,E,B,D,C,D,C,E,B,B,B,C,D,A,A,D,D,B,C,C,E,A,C,A,C,E,E,A,C
E31,A,D,,A,A,B,D,E,D,A,D,C,A,,C,A,E,D,B,B,C,C,D,D,A,,A,A,D,B,B,A
E32,D,B,D,B,A,D,E,E,D,A,D,,C,C,C,D,A,D,D,B,E,B,D,D,A,C,A,C,D,B,A,A
E33,B,C,C,B,C,D,A,E,D,D,B,,E,,C,,C,C,B,B,B,B,B,,C,A,C,B,B,,A,C
E34,,B,,A,A,C,,,D,D,,,,,E,D,,C,,B,A,B,,,E,,A,,A,C,A,
E35,A,C,E,B,D,,D,B,A,B,,,A,E,E,D,E,C,B,B,E,D,A,B,D,B,E,E,,B,C,E
E36,B,D,C,C,C,A,D,B,D,D,E,B,A,A,A,C,E,D,A,B,B,C,A,A,E,C,A,C,A,E,A,B
E37,A,D,,E,A,D,D,A,A,A,D,C,E,D,C,C,A,D,A,B,C,D,D,D,D,C,A,C,D,B,A,C
E38,D,D,,B,,,E,B,E,E,D,,,,B,A,E,E,D,B,E,,,,C,,,C,C,,A,C
E39,D,D,C,B,A,B,A,,D,D,,A,A,B,C,A,E,A,D,B,E,E,D,A,D,C,A,C,,,A,C
E40,D,D,,C,,,D,,D,C,,,C,,D,A,E,D,,B,,,,,C,,A,,D,,E,
E41,A,D,,A,E,A,D,B,D,B,,,,C,B,B,E,C,,B,B,C,,E,A,,A,B,E,C,E,D
E42,A,D,D,B,A,B,E,A,D,A,D,C,C,C,C,A,E,D,B,B,B,B,D,C,A,A,A,C,C,A,A,A
E43,E,,,A,E,,B,D,D,A,E,,B,B,B,C,E,E,,B,B,E,,C,A,D,C,B,D,B,B,
E44,,B,,B,E,A,E,B,D,C,C,,,A,B,C,E,E,E,,,C,A,D,,,A,C,E,,A,C
E45,A,D,D,B,A,D,E,E,D,A,D,A,C,C,C,C,A,D,E,B,C,B,D,D,A,A,D,C,B,B,A,A
E46,D,D,D,E,A,C,D,E,D,B,D,D,C,C,C,C,E,C,B,B,C,B,D,B,A,A,A,C,E,A,A,D
E47,B,B,,B,E,E,E,A,D,B,,,D,D,C,B,E,D,D,D,E,D,E,B,A,,A,B,D,B,A,D
E48,D,A,C,E,E,C,A,E,D,D,D,C,C,C,C,A,E,C,A,B,E,A,D,D,A,C,D,C,D,A,E,A
E49,,,,D,,A,E,E,E,D,,E,,,,A,,,D,E,,,,C,,,D,,D,B,C,C
E50,A,C,E,,,D,B,C,D,C,D,E,,A,C,C,E,A,,B,C,C,,E,,C,A,C,A,,A,E
E51,C,D,D,B,A,E,E,E,D,D,D,C,C,C,C,C,A,D,E,B,C,B,D,C,C,C,D,C,C,A,A,A
E52,A,D,C,C,A,C,E,B,D,B,C,A,C,E,C,C,E,C,D,B,E,A,C,D,D,,A,A,A,B,A,B
E53,A,,,E,E,E,A,B,C,B,,D,C,C,C,A,D,E,B,B,C,B,D,A,B,C,A,,B,A,A,B
E54,A,E,E,B,E,C,A,A,A,D,D,E,A,E,A,D,D,D,A,B,C,C,D,C,D,D,B,D,A,D,A,D
E55,,,,C,E,D,B,A,C,B,,,C,,C,A,A,C,D,B,,,D,,D,,,,D,,A,
E56,C,D,D,B,A,D,E,E,D,B,D,,C,C,C,C,,,E,B,D,B,D,D,A,C,D,C,C,A,A,A
E57,B,E,C,C,E,D,E,A,D,C,B,C,A,,C,B,E,E,D,B,C,A,B,E,A,C,A,B,A,E,A,A
E58,E,D,D,B,A,D,E,E,D,A,D,C,C,A,C,A,C,D,A,B,E,C,D,D,A,C,E,C,C,B,A,A
E59,D,D,C,B,E,C,E,,D,A,D,,C,,D,,A,D,B,B,E,B,,,,D,A,,,E,E,A
E60,,D,D,B,E,A,B,,D,C,E,C,B,,D,C,E,A,D,B,B,,C,,D,,D,C,D,E,D,C
E61,B,B,D,A,C,D,E,D,E,B,D,B,C,C,A,D,D,D,D,A,D,B,E,B,D,C,A,D,E,B,B,D
E62,,D,,A,,,,,D,,D,,C,,C,C,,,,B,,,,D,A,,,,,,,
E63,B,,C,,E,B,B,A,D,A,E,,,A,D,B,,C,,B,B,E,C,,B,,A,D,D,C,E,D
E64,,,E,B,,E,E,,D,D,,,C,E,,C,B,D,,B,,,C,,,,A,,,,,D
E65,A,A,,B,E,C,E,E,D,D,,,A,C,C,B,A,D,B,B,D,C,A,,C,,D,,,E,A,B
E66,D,A,C,D,A,D,D,E,D,C,B,B,E,E,C,C,E,C,B,C,E,A,D,D,E,E,A,C,E,B,C,D
E67,A,D,,A,E,D,E,A,C,E,,,C,,C,A,E,D,D,B,B,,D,,D,,A,,A,B,,
E68,D,,D,E,,D,E,,D,A,D,C,C,C,C,C,E,,,B,D,B,C,D,A,A,,C,D,A,A,C
E69,C,D,E,A,A,C,E,A,D,B,D,A,C,,B,C,A,C,D,B,C,A,D,A,E,A,D,C,C,B,A,C
E70,B,A,E,C,E,D,A,B,D,D,A,E,D,E,A,C,C,C,A,C,C,B,A,A,B,C,E,C,B,B,B,E
E71,B,B,C,A,E,D,A,D,D,D,D,C,C,E,B,A,C,B,A,B,B,C,D,C,A,C,D,C,B,B,C,A
E72,B,D,C,A,C,E,D,E,D,A,D,C,C,C,D,C,B,E,A,B,D,C,D,D,D,A,A,C,B,C,A,C
E73,,D,D,B,E,D,E,E,D,B,D,C,,C,C,D,,D,A,B,,C,D,D,A,A,A,D,C,A,A,B
E74,D,E,,D,D,A,D,E,D,A,C,,B,A,D,A,E,B,E,A,D,E,D,A,A,,C,D,D,D,C,D
E75,D,D,E,,A,E,A,,D,A,D,A,C,,C,C,A,E,D,B,E,A,A,C,A,A,A,C,B,C,D,A
E76,D,,,,E,A,D,,D,A,,,,A,A,,B,,,B,,,,,,,A,,D,D,A,C
E77,E,D,E,B,A,D,E,E,C,A,D,D,C,,C,C,A,D,B,B,D,A,C,B,A,C,A,C,C,A,A,C
E78,B,D,E,C,A,D,D,A,D,D,D,D,E,A,D,A,D,B,A,D,C,D,A,D,A,B,D,D,C,E,B,E
E79,C,D,,E,E,D,A,C,D,D,,,C,D,D,B,A,E,A,B,A,C,C,,B,,A,B,D,C,D,C
E80,B,D,D,A,E,C,D,E,D,A,D,C,A,A,C,C,E,E,E,B,D,B,A,D,A,A,D,C,E,C,A,B
E81,,D,D,C,A,A,D,,D,B,B,,B,,B,C,A,A,A,A,C,C,D,A,,E,A,A,D,C,E,E
E82,D,D,D,A,E,D,A,E,D,B,D,A,C,C,C,C,A,A,D,B,D,B,D,C,A,A,A,C,C,A,A,A
E83,C,D,C,B,A,C,B,A,D,A,D,,C,,C,A,E,A,B,B,,,D,C,A,A,A,C,,A,A,
E84,A,B,D,B,E,D,A,B,D,A,D,B,D,A,C,C,A,A,C,B,E,C,D,A,A,A,A,C,C,A,A,B
E85,A,D,D,A,A,,D,,D,A,D,A,C,B,D,C,E,D,B,B,A,C,B,D,D,C,A,B,C,C,B,
E86,D,A,D,A,A,A,E,A,D,D,C,C,B,C,A,C,D,D,D,B,C,C,B,D,D,A,C,B,D,B,A,B
E87,,D,,B,A,E,E,,C,B,D,,C,D,C,C,A,D,E,B,B,B,D,D,A,A,A,C,B,A,A,
E88,C,E,B,B,E,D,D,A,D,A,C,,C,C,C,C,E,C,D,B,C,B,A,E,B,E,A,A,D,B,E,C
E89,D,,,B,A,D,E,,D,D,D,E,,,C,C,E,A,,B,D,B,D,,A,,D,B,B,B,A,
E90,B,B,,B,A,D,E,B,C,D,C,B,A,C,A,A,B,D,D,B,B,A,C,D,E,,A,B,D,C,D,D
E91,A,E,B,C,D,A,E,C,D,A,E,D,C,C,B,C,E,E,B,B,D,C,D,D,A,A,A,C,D,D,A,E
E92,,,,E,,,,,A,B,,,A,C,B,A,,,B,,,,,,,,,,,,B,C
E93,D,D,E,B,E,D,B,E,D,C,E,A,E,A,B,A,E,C,A,B,E,E,B,A,B,E,A,D,D,C,E,C
E94,C,E,,A,,A,D,,D,D,E,,D,,C,C,E,E,A,B,E,C,A,,D,C,B,,D,,E,C
E95,A,E,,A,E,D,E,,D,C,,,A,D,C,B,D,C,,B,E,C,C,,,A,A,,B,,D,B
E96,C,D,D,B,E,D,E,E,D,A,D,A,E,A,C,C,A,D,E,B,D,B,D,D,C,A,D,C,E,B,A,
E97,E,B,D,D,C,B,C,B,C,B,B,B,D,E,B,D,C,C,A,C,B,B,D,B,C,B,C,B,D,A,C,B
E98,E,D,C,A,E,A,E,,D,C,E,C,C,,C,C,E,E,A,B,E,A,C,,C,C,B,,D,C,C,
E99,D,,D,B,,,A,,D,D,,,C,E,A,B,C,D,,B,A,,D,,,,A,E,A,,,
E100,A,,,B,A,E,,E,C,D,,,C,D,C,C,A,A,B,B,B,,A,,A,A,A,,D,B,A,A
E101,C,E,C,B,E,C,E,E,D,C,B,E,A,A,C,C,E,C,E,B,D,C,B,A,A,C,D,C,D,C,A,A
E102,B,,,B,E,,A,C,C,D,,,A,D,B,A,B,E,A,B,B,E,D,A,A,,D,,A,E,D,B
E103,A,D,C,E,E,B,D,E,D,A,C,E,C,A,B,C,E,C,D,B,B,B,C,B,B,A,D,B,B,B,B,B
E104,A,,,B,A,B,E,E,D,B,D,,C,C,C,C,A,D,B,B,C,B,D,,A,,E,C,C,A,A,A
E105,A,D,D,B,E,D,D,E,D,A,D,C,A,C,C,D,A,E,B,B,A,B,A,D,A,C,D,B,D,C,E,D
E106,A,E,D,B,A,D,E,E,D,A,D,C,C,C,C,C,A,D,E,B,C,B,D,D,A,C,D,C,A,A,A,A
E107,D,D,D,C,E,,A,,D,A,D,C,C,,C,D,C,C,D,B,E,B,D,A,A,A,A,A,D,C,A,C
E108,B,D,E,B,A,E,A,E,D,B,,C,A,D,B,A,A,D,C,B,B,B,D,C,C,E,A,C,D,A,A,D
E109,C,D,E,E,A,D,E,B,D,A,D,C,A,C,C,D,E,D,B,B,C,A,D,,C,C,A,E,C,A,A,D
E110,D,C,E,D,A,,D,C,E,D,C,A,C,D,A,,A,B,,E,C,,B,C,D,A,E,A,D,A,C,C
E111,D,D,D,A,E,C,E,E,C,A,D,C,C,C,C,A,E,B,A,B,D,C,D,D,A,A,D,C,C,A,A,B
E112,E,D,C,A,E,C,E,,D,A,C,,A,C,C,C,D,D,E,B,D,C,D,D,A,C,D,C,D,B,A,A
E113,D,D,D,E,E,D,B,E,C,C,,D,C,,D,A,E,E,D,C,E,E,D,A,A,,E,,B,E,A,D
E114,A,D,D,B,A,D,B,E,D,D,D,C,C,D,C,C,E,D,A,B,D,B,D,C,A,A,A,C,C,A,A,A
E115,A,C,,B,E,D,E,C,D,,,,C,,C,A,E,D,D,B,,B,D,,,,D,,A,,,C
E116,,C,C,B,,,D,E,D,A,D,A,C,C,,B,,,,B,E,C,C,B,,A,B,C,D,,,C
E117,E,D,E,B,A,A,D,,D,A,D,,C,E,C,C,E,B,D,B,D,B,D,,A,A,D,C,B,C,A,
E118,,,,E,E,D,,B,C,C,,,,A,C,A,B,,,D,,,,,,,A,,A,,C,C
E119,C,D,D,B,A,D,E,E,D,A,D,C,C,C,C,C,D,C,B,B,D,B,D,D,A,C,D,C,E,B,A,A
E120,D,D,,B,E,D,E,,D,B,,,,,C,A,A,A,C,B,D,C,D,,A,,E,,D,B,A,B
E121,B,D,C,B,E,D,D,C,C,A,D,,D,C,C,C,E,E,B,B,C,B,D,A,A,C,A,B,B,D,A,A
E122,C,E,C,,,,E,E,D,,,,B,A,B,,B,D,,,D,,D,,,,,,,,,D
E123,A,,,,B,,D,,,D,,,,D,,A,D,A,,,C,,A,,,,D,,D,D,,C
E124,A,A,,B,A,E,A,E,D,A,,,C,C,C,A,B,B,B,B,D,C,D,,A,,A,C,C,B,A,A
E125,D,D,E,A,E,A,E,B,D,A,C,C,C,E,A,A,E,C,D,B,D,E,E,B,D,C,D,C,A,D,A,
E126,D,D,C,E,A,,D,,D,A,D,D,C,B,B,A,D,D,A,B,E,B,D,,D,,D,C,B,A,A,
E127,D,A,C,B,E,A,E,,D,A,B,,A,,B,C,B,C,D,B,,B,A,C,,,A,,B,C,A,
E128,D,,,A,C,D,B,,D,D,C,,A,,C,D,A,A,D,B,E,,B,,,,E,,,,A,
E129,C,D,D,E,E,A,A,E,C,C,D,,,,B,A,C,C,,B,,C,B,D,,C,A,,D,D,E,A
E130,,,,B,E,C,D,,D,D,E,,A,,C,C,E,A,D,B,A,C,C,D,,A,B,B,,E,A,C
E131,C,D,,B,,D,E,,E,B,D,,C,,B,B,C,D,D,B,B,,D,,C,,,B,D,,A,
E132,D,B,,,E,D,B,E,D,D,B,B,B,,E,D,E,C,,E,,A,C,A,,,A,,B,B,E,C
E133,,,E,B,D,E,D,,D,C,C,,E,C,B,D,,A,,B,,C,D,C,,C,A,,D,,,
E134,D,D,,B,C,C,D,A,D,D,D,D,C,B,B,C,E,D,A,B,A,B,A,E,D,,A,C,D,B,C,E
E135,C,B,D,C,E,C,D,B,D,A,A,A,C,C,E,A,E,,A,B,A,C,C,A,C,D,A,C,D,A,A,D
E136,B,C,,B,A,C,A,E,D,C,B,B,C,,C,C,E,D,C,D,C,D,D,E,A,,D,B,B,E,C,
E137,,D,C,B,,D,E,,D,,D,,C,C,C,,E,D,,B,,B,C,,,C,,C,,A,A,A
E138,B,D,C,C,E,D,B,C,D,A,C,A,E,B,C,D,E,D,A,B,A,C,C,A,B,E,A,B,,C,C,E
E139,A,D,D,B,A,B,E,E,D,A,D,A,C,C,C,C,E,D,C,B,C,B,D,D,A,C,D,C,C,B,A,A
E140,A,D,D,B,E,B,D,A,D,A,D,B,E,C,C,D,E,D,A,B,E,B,D,E,A,C,,C,A,B,D,C
E141,D,C,C,E,E,A,D,E,D,E,D,E,E,B,C,B,E,A,,B,C,B,C,D,B,A,D,B,C,B,E,
E142,C,C,E,E,C,A,B,D,C,C,A,A,C,B,C,B,C,A,B,B,A,B,B,A,A,E,A,D,D,A,C,C
E143,,D,,B,,,E,,D,A,,C,A,D,C,C,E,E,D,B,,E,B,,A,,B,,,C,,A
E144,D,A,,B,A,D,D,E,C,A,,A,A,,C,C,E,,B,B,E,E,,,C,C,A,,E,A,D,A
E145,D,C,C,C,A,D,D,B,D,A,D,A,C,D,C,A,E,D,D,B,D,C,D,E,A,C,D,C,B,E,D,B
E146,C,D,D,B,A,C,A,,D,A,D,A,C,,C,D,E,D,D,B,D,B,D,D,A,C,D,E,E,D,A,D
E147,D,D,,B,A,D,,E,D,A,D,,C,,C,C,A,A,C,B,E,B,D,E,A,C,D,D,D,D,,C
E148,,D,B,,,B,B,C,D,D,D,,B,C,D,D,E,D,,B,C,C,B,,,C,D,D,A,,B,C
E149,,D,,B,C,D,D,,D,B,D,C,A,,C,A,E,D,B,B,B,B,D,D,A,,D,,B,B,A,
E150,D,D,D,A,A,A,E,A,D,A,C,B,C,D,E,C,B,C,A,B,B,C,E,E,A,C,E,A,D,D,A,B
E151,A,D,D,B,A,D,E,E,D,A,D,A,C,C,C,A,A,D,E,B,D,B,D,D,A,C,D,C,C,D,A,A
E152,D,C,E,C,D,A,D,C,D,C,D,D,E,B,C,C,E,C,A,B,C,C,D,E,E,C,A,B,E,C,D,C
E153,D,D,C,B,E,D,D,E,D,B,D,,C,D,C,C,A,D,A,B,E,C,D,C,A,C,A,B,B,E,B,B
E154,A,D,D,D,E,E,E,,D,A,C,,A,,C,D,E,D,C,B,,C,D,C,D,,D,D,,C,A,C
E155,C,D,B,A,E,D,A,A,D,B,C,C,C,C,E,C,B,C,A,C,C,C,C,B,D,C,C,D,E,B,D,E
E156,A,D,C,,E,,D,D,D,B,E,,B,B,C,D,E,D,D,B,B,C,C,,A,,B,,D,,A,E
E157,,,E,E,,A,,,C,D,E,A,,D,B,C,E,E,,D,B,B,A,A,,,A,C,,,,
E158,B,C,,C,A,A,D,E,D,B,E,E,C,A,B,D,B,,D,D,E,C,C,E,,,E,B,A,C,E,B
E159,D,D,,D,C,E,,A,D,A,,D,C,,D,C,D,,D,B,,C,A,D,,A,A,C,C,B,A,A
E160,,,A,E,,,,,D,B,,,B,A,D,D,B,D,C,A,,,E,,,,,,C,,B,C
E161,B,D,,B,,C,E,,D,D,C,,C,,C,C,E,E,D,B,B,,,,D,,A,,,,,
E162,B,E,C,A,E,B,D,B,D,C,C,A,C,E,B,B,D,D,B,B,E,B,D,D,E,B,D,C,A,D,C,C
E163,A,D,C,B,A,A,E,B,D,D,D,A,C,C,C,C,A,D,B,B,C,B,C,C,A,C,A,B,D,E,A,A
E164,D,D,,A,A,B,E,,D,A,D,,A,,C,C,E,E,A,B,D,C,A,,,,D,C,D,,A,
E165,,D,,A,E,B,E,A,D,E,D,B,A,D,B,B,E,D,A,B,D,C,,,C,A,C,,D,A,C,B
E166,D,D,D,,A,,D,E,D,A,D,,E,E,B,C,E,B,,B,C,B,A,D,A,C,A,C,D,,A,B
E167,D,D,,B,A,B,A,C,D,D,,B,A,C,D,A,E,,B,B,B,B,D,C,A,,A,B,,B,A,A
E168,A,D,,B,E,C,E,,C,,B,,C,,C,C,E,B,,B,E,B,D,,,A,D,,,B,,A
E169,D,D,D,B,A,D,E,,D,A,D,,C,C,C,C,A,B,B,B,D,A,D,,E,C,A,C,A,E,A,D
E170,A,D,,B,E,A,D,E,D,A,B,,D,C,B,C,E,A,,D,C,E,B,,A,,D,C,D,,A,C
E171,D,D,D,B,C,B,E,E,D,A,D,D,C,C,C,C,A,A,C,B,D,E,C,C,B,A,A,C,B,D,A,C
E172,D,A,B,A,A,D,A,,D,D,D,A,C,B,C,C,C,C,E,B,E,E,D,D,D,A,A,C,A,D,E,A
E173,D,,,C,E,,D,,C,D,,,A,C,C,D,B,C,D,B,B,B,C,C,E,,A,C,,A,B,C
E174,D,D,,E,,E,E,,D,D,B,,A,,C,A,B,,A,D,B,,D,,,,A,B,B,,,B
E175,B,D,D,B,A,D,,E,D,B,D,C,C,C,C,C,A,D,,B,,B,D,D,A,C,A,C,C,B,A,A
E176,A,,C,B,,D,A,,D,A,D,B,D,D,D,A,E,D,A,B,D,E,C,C,A,C,A,C,,,D,
E177,B,C,A,,E,,D,,D,E,,,E,,B,A,E,D,D,B,,C,,A,,E,A,E,A,D,C,A
E178,A,E,,B,A,B,D,B,D,D,B,,A,E,B,A,A,E,B,D,D,C,B,A,A,D,D,,D,B,C,B
E179,A,D,,B,A,D,E,,D,A,,,C,,C,A,,D,A,B,A,,C,,A,,D,C,C,,A,A
E180,C,,,,,,D,C,C,D,,,E,,A,C,E,,,,E,,,,,,A,,,,,
E181,E,C,C,B,D,B,A,E,D,A,E,C,B,A,B,D,A,D,D,A,E,E,D,A,A,C,A,E,B,C,E,C
E182,C,C,,B,A,A,E,,C,C,,,A,A,B,C,A,D,A,B,D,,C,A,A,,D,E,B,E,C,E
E183,C,D,C,B,A,E,E,E,D,A,D,E,D,D,B,C,E,A,D,B,E,B,D,D,A,C,D,D,D,B,A,C
E184,,B,B,B,E,B,E,E,D,A,,,C,,C,A,A,D,A,B,E,B,D,,A,,A,B,B,B,B,A
E185,A,D,D,B,A,,E,E,D,B,D,C,C,D,C,C,A,D,,B,B,B,D,D,A,C,D,,C,A,A,A
E186,A,C,C,B,C,A,A,A,D,A,B,D,C,D,B,C,D,A,A,B,D,C,D,E,C,C,A,C,D,B,A,C
E187,B,B,A,C,E,D,D,C,D,A,C,D,C,,C,B,A,A,A,B,,C,C,,D,E,A,,,E,C,C
E188,D,D,,B,A,E,E,B,D,A,,C,A,,C,D,D,D,E,B,B,B,B,,A,,E,C,B,B,A,A
E189,D,,,B,E,D,E,A,D,B,,,,C,C,A,E,D,B,B,E,C,C,,D,,E,,E,B,D,A
E190,C,C,,B,A,D,E,,D,D,,C,C,,C,D,,B,C,B,C,,D,,,,A,,,,,A
E191,A,D,D,D,D,D,D,D,D,D,D,D,E,D,D,D,D,D,D,D,D,D,D,D,D,D,D,D,D,D,D,D
E192,,D,D,B,C,,D,B,D,A,E,D,A,B,B,A,A,E,D,B,E,E,B,C,A,B,,C,A,,A,
E193,,,,A,,,,A,D,D,D,,C,,D,B,E,A,D,B,B,,E,D,E,,D,,C,,D,
E194,D,,C,E,E,C,E,E,D,A,E,B,C,C,A,C,E,C,D,B,D,E,B,,,A,D,C,B,C,B,C
E195,E,,,,A,C,A,E,D,A,D,,E,B,B,D,A,C,C,E,A,,E,E,E,,B,E,D,B,A,C
E196,A,C,D,B,C,B,B,A,D,B,,,C,,C,C,,D,B,B,D,B,,,D,C,A,C,B,,C,C
E197,D,D,D,B,E,C,D,B,D,A,,,C,,B,C,E,E,D,B,E,A,C,D,C,,E,C,D,A,A,B
E198,A,A,B,B,E,D,D,,D,A,C,A,C,A,C,A,A,A,B,B,D,C,A,A,D,E,D,A,D,E,D,B
E199,D,D,C,B,A,D,E,C,D,A,D,C,D,C,C,C,A,D,C,B,B,B,D,D,A,C,A,B,,D,E,D
E200,D,D,C,B,,,E,B,A,A,D,,A,,C,C,D,E,B,B,E,,C,D,A,A,A,,D,C,A,A
E201,B,E,C,B,A,A,A,A,D,D,A,A,E,C,A,D,E,C,D,C,A,C,C,A,A,A,A,C,A,A,D,B
E202,D,A,C,E,E,D,,B,D,B,D,,C,C,D,A,E,C,D,B,E,,D,C,B,A,A,C,B,,A,C
E203,C,D,E,E,A,A,B,E,D,C,D,B,C,C,A,B,B,C,D,B,E,E,B,D,C,C,A,B,D,C,B,C
E204,C,,A,C,,A,A,A,A,C,D,,D,B,E,,E,A,A,,C,C,C,B,,D,C,E,,D,C,A
E205,A,E,C,C,C,D,A,C,A,B,C,B,B,E,C,D,A,A,C,B,D,D,D,A,E,A,A,E,D,C,E,E
E206,A,D,D,A,A,A,A,,D,A,D,B,C,C,E,C,E,,D,B,C,B,D,D,A,A,A,C,B,C,A,B
E207,B,,,C,D,,D,,D,D,E,,C,,C,B,E,C,A,A,C,A,B,,,,C,,D,C,D,
E208,D,D,A,D,E,D,D,A,D,A,E,B,E,D,D,D,D,D,D,B,B,E,D,C,D,B,A,B,D,C,D,D
E209,E,A,C,C,E,D,A,B,D,D,C,B,C,,D,C,E,C,E,C,,C,A,D,C,A,A,,D,B,A,E
E210,,,,A,E,C,,C,,E,,,,,A,C,E,C,,,C,E,,,,,B,,B,E,D,B
E211,D,D,C,B,C,C,D,C,C,A,D,B,A,B,C,A,E,D,A,B,E,A,B,D,B,C,D,B,C,C,A,B
E212,B,,B,A,E,A,E,B,D,A,B,,A,A,E,D,E,A,C,,E,C,D,A,D,,A,E,A,B,E,A
E213,C,D,B,B,E,A,E,A,A,C,E,B,B,C,B,D,E,D,,B,C,C,D,C,C,A,C,,D,D,B,A
E214,D,D,B,B,A,A,E,A,D,B,D,C,C,,C,C,E,D,E,B,B,E,,,A,E,D,C,B,B,A,C
E215,C,D,D,B,A,B,E,E,D,B,D,C,C,C,C,C,E,E,D,B,C,B,D,D,D,C,D,C,C,A,A,B
E216,D,D,,B,A,B,E,,D,A,,,C,,C,C,C,D,A,B,C,C,,,A,,D,C,C,C,A,B
E217,C,D,,,,,E,C,D,D,,,C,,,A,E,,D,B,D,,B,,,,D,B,D,C,A,A
E218,C,E,E,C,A,A,D,E,D,A,E,D,D,A,B,C,E,C,D,D,C,C,D,C,,D,A,A,D,,A,E
E219,D,D,,B,C,A,B,E,D,A,E,,A,,C,C,A,D,B,B,C,B,D,D,A,,A,E,,A,A,A
E220,B,C,E,C,E,,C,B,B,D,C,,,B,C,C,B,C,C,E,C,C,E,,B,C,B,C,A,C,C,B
E221,D,A,,B,A,D,E,B,D,A,,,C,,C,A,E,E,B,B,B,,,A,A,C,D,,D,E,D,A
E222,D,A,E,B,A,E,E,C,D,A,C,A,C,D,C,C,B,D,D,B,C,B,A,C,E,,A,C,B,B,A,
E223,,,,,,,B,,,,,,A,,A,,A,E,,B,B,,C,,,,A,,,,,
E224,D,D,E,D,E,A,A,B,D,C,,E,,E,B,D,C,D,,,E,E,E,,,C,A,,D,,A,B
E225,,,,D,E,,D,,D,D,E,,,,B,D,,C,,B,B,,,,,,,,D,,A,
E226,C,D,C,B,E,,A,B,D,D,E,D,C,D,D,A,A,C,A,B,E,E,D,,B,A,D,,A,C,A,B
E227,D,C,,B,E,D,D,,D,,,,C,,C,A,E,D,A,B,D,,,,D,,A,,,A,A,A
E228,A,D,E,B,C,C,D,,D,A,D,,C,,C,D,B,B,A,B,E,E,D,D,D,C,D,,D,,A,
E229,A,,,C,C,,A,A,D,D,E,,,D,C,B,E,A,,B,B,B,,,,,A,,,,,
E230,,D,B,E,E,C,E,D,D,B,D,,C,,C,C,A,A,D,B,,B,A,,,,A,B,,,C,
E231,E,D,D,A,A,C,E,B,D,A,,D,C,C,C,A,E,D,B,B,E,E,A,D,A,D,D,C,D,C,A,E
E232,D,B,E,D,B,E,A,B,D,A,E,E,D,E,D,D,D,E,D,E,C,E,B,B,B,C,A,B,A,C,C,A
E233,D,D,D,B,E,C,A,C,D,A,D,A,C,D,C,C,E,D,D,B,D,B,D,C,A,A,A,C,C,B,A,A
E234,D,D,C,E,E,B,A,B,D,A,D,,C,C,D,C,E,D,A,B,C,B,C,D,A,B,D,C,C,B,A,D
E235,D,D,,,C,A,,C,C,A,D,C,C,,D,C,,A,D,B,E,E,A,C,A,C,A,,D,A,,D
E236,A,D,E,,E,A,A,B,D,C,B,B,C,B,B,D,A,C,,B,B,C,E,A,D,A,A,C,C,B,A,B
E237,,D,C,E,E,D,,C,C,B,D,,E,,B,C,D,E,B,B,C,B,D,,A,B,E,C,,B,A,A
E238,D,D,C,B,A,B,E,B,C,D,C,C,E,E,C,C,E,D,B,B,B,C,D,D,C,C,A,C,B,E,A,C
E239,D,D,,A,E,A,A,E,D,D,D,A,C,,B,C,E,E,,A,C,,B,E,D,,A,,E,,A,
E240,A,D,A,,E,C,D,D,,,,B,E,A,,,A,D,E,E,A,D,,B,B,C,,D,C,C,,C
E241,,C,C,D,C,A,D,E,A,D,E,,E,C,,D,C,C,,B,D,C,D,D,E,,A,B,C,B,C,C
E242,,D,E,A,A,E,E,,D,A,E,C,A,,D,C,B,E,D,B,B,E,D,,A,A,A,C,B,,A,B
E243,D,D,C,,A,D,A,E,D,A,D,C,E,,B,C,A,B,A,B,D,C,D,D,E,C,A,C,C,B,A,B
E244,A,C,E,B,,D,E,A,D,B,D,,C,D,C,C,E,D,B,B,C,C,D,D,E,C,D,C,E,B,D,A
E245,D,D,E,B,E,C,D,A,D,C,B,E,C,D,E,C,B,E,A,B,E,E,B,D,E,B,C,C,D,E,A,C
E246,C,E,C,B,C,B,E,B,D,D,C,D,C,E,B,A,E,E,D,B,D,A,C,D,D,A,D,C,B,B,E,B
E247,B,,E,E,E,,A,D,D,B,C,B,,,A,,E,C,,B,A,C,A,,,B,E,,A,B,E,B
E248,,,,,,,D,,A,C,,,,,A,,D,,,,,,,,,,B,,,,E,
E249,D,B,B,,A,A,A,D,D,A,,E,,C,B,B,E,C,,B,B,C,,,E,,A,,,D,D,A
E250,D,D,,C,,E,E,C,E,D,D,,C,C,C,C,A,E,A,B,,B,D,,A,,A,C,D,A,D,C
E251,A,D,D,A,C,C,D,A,D,A,D,B,C,A,A,A,E,D,D,B,A,B,C,A,C,D,A,C,D,C,B,C
E252,,B,,C,E,A,A,E,D,C,E,B,C,,,A,E,B,,,,,,A,A,,A,,D,,,
E253,D,D,D,B,A,D,E,A,D,A,D,A,C,,C,C,E,D,B,B,C,B,D,D,D,C,D,C,B,A,A,A
E254,D,A,D,B,E,C,D,,D,A,D,,C,,A,D,E,E,D,B,B,,B,C,A,,A,C,C,,B,C
E255,D,B,,,E,D,E,E,D,D,B,E,D,B,D,C,E,A,C,B,C,B,C,A,,E,E,B,A,A,B,C
E256,D,C,,,A,E,A,A,D,D,E,,B,,B,E,E,D,,D,C,D,E,,,,E,,B,E,D,
E257,A,D,,A,E,,D,C,D,D,,,D,,D,A,E,E,,,B,,A,,,,A,B,D,,,
E258,A,D,D,B,A,C,D,A,D,A,D,,C,C,D,C,B,D,A,B,B,C,D,C,A,C,D,C,E,D,A,A
E259,C,B,,A,E,,E,,D,A,C,,C,,C,D,A,E,B,B,A,,B,,B,,A,,C,B,A,A
E260,D,,,C,E,B,,B,D,D,C,,D,D,C,A,D,D,,B,,,C,C,E,,E,,D,B,A,E
E261,D,E,D,C,E,A,E,B,D,C,C,A,C,A,D,C,A,D,A,B,D,E,D,E,A,A,D,B,D,C,A,C
E262,,D,,A,C,,A,A,A,A,D,,B,,C,A,E,E,D,B,B,C,C,,A,,A,E,,,,
E263,A,C,C,A,E,E,E,A,D,A,D,A,C,B,A,D,A,D,D,B,C,C,D,D,D,E,E,D,B,B,A,C
E264,D,C,C,A,A,D,D,D,B,A,C,E,E,D,C,A,C,B,D,D,D,E,D,D,B,C,B,E,A,A,C,B
E265,C,B,D,A,E,A,E,E,D,A,D,,B,,B,A,E,B,D,B,C,E,A,D,,D,B,C,D,,A,
E266,,,,D,E,B,D,A,D,A,,B,,C,E,D,D,D,A,B,A,A,,,B,A,A,,A,,B,E
E267,D,B,,B,,,E,,D,D,,,A,D,C,C,,E,E,B,E,,D,,C,,A,,,B,A,A
E268,B,D,D,C,E,E,E,B,D,C,D,A,D,B,B,C,E,E,A,B,D,B,D,C,A,C,B,B,B,C,E,A
E269,D,,,E,E,B,,,A,C,,,A,,,A,A,E,D,B,E,,A,,A,,D,,E,,D,
E270,D,D,C,A,A,C,A,A,D,A,E,B,D,D,B,D,B,E,D,B,A,E,D,C,B,A,B,B,C,A,E,E
E271,C,D,D,E,A,B,D,C,D,A,D,C,E,D,C,C,B,E,B,B,B,B,C,C,A,,B,B,D,B,D,C
E272,D,D,D,E,E,,A,C,D,D,E,C,D,,A,C,D,,,B,C,C,A,D,A,C,A,,C,B,A,B
E273,B,D,D,C,E,A,D,C,A,A,B,C,D,E,,D,D,C,D,B,B,E,B,,,,B,A,B,D,C,E
E274,A,D,,B,E,D,B,,D,A,D,,A,C,C,B,A,D,C,B,E,B,D,D,A,C,D,C,C,C,A,A
E275,A,E,D,B,E,C,A,A,D,A,,D,E,,C,D,E,A,D,B,E,C,C,D,A,C,A,C,D,E,B,E
E276,B,,,A,,,A,A,D,A,E,A,B,,B,A,A,C,A,B,,,B,,A,,,,,,A,A
E277,A,D,D,B,A,C,E,A,D,A,D,A,C,,B,C,A,D,E,B,D,B,D,D,A,A,D,C,C,B,A,A
E278,A,C,,B,E,E,E,A,C,A,D,,D,A,C,C,D,E,B,B,D,B,D,D,A,,D,C,C,C,,D
E279,A,D,B,D,E,D,D,B,C,A,,,C,C,C,C,,E,B,B,D,C,,D,A,A,D,C,D,B,A,C
E280,B,D,E,C,A,D,C,E,B,A,C,B,D,D,B,E,E,A,D,D,C,A,B,E,C,A,A,D,B,D,C,A
E281,A,D,D,B,A,D,D,C,D,B,D,E,A,C,C,C,,D,B,B,C,A,D,D,C,,A,C,B,C,A,D
E282,,D,,,C,,A,,D,B,D,,,,D,C,A,C,,C,,,A,D,,,A,,,,,C
E283,A,C,,E,A,D,D,D,D,,D,,B,A,C,C,A,D,E,B,D,C,D,A,E,,A,D,,A,,D
E284,A,B,B,C,E,,B,A,D,D,C,,E,B,B,A,E,A,C,,D,A,E,D,A,D,A,,D,C,C,C
E285,,D,D,B,A,E,E,E,D,E,D,C,D,D,C,C,A,D,D,B,D,A,D,C,A,C,A,C,C,A,A,A
E286,A,D,D,B,E,D,B,B,A,B,D,C,D,C,D,B,A,D,A,B,E,B,D,E,A,A,D,B,D,B,A,A
E287,A,D,D,A,E,D,D,D,D,C,E,C,C,B,C,C,E,D,D,B,B,C,D,E,D,B,A,B,E,D,A,C
E288,,D,C,C,A,A,E,E,D,C,D,,D,,B,C,A,D,A,D,E,C,D,,E,A,A,B,E,B,D,C
E289,A,E,,A,E,D,B,D,D,D,E,B,A,D,B,B,A,E,D,A,A,D,B,D,D,,C,E,B,C,D,E
E290,A,D,D,B,E,E,E,A,D,A,D,B,C,A,B,C,A,C,B,B,C,B,D,D,D,A,D,C,B,B,A,A
E291,A,D,C,E,A,C,E,D,D,D,C,B,C,C,C,C,E,A,D,B,E,B,C,D,C,E,A,C,D,E,A,A
E292,,D,,A,E,C,,,D,A,,,C,,C,D,C,D,,B,,B,D,,A,,D,,B,,A,A
E293,D,E,E,C,A,B,E,E,D,A,D,A,B,A,C,D,A,C,A,A,D,A,A,E,A,E,A,B,D,E,B,
E294,D,D,E,C,A,D,D,,D,D,,,C,C,C,A,E,A,,B,D,,D,B,D,,A,,B,,D,A
E295,C,A,A,A,D,A,A,A,D,D,A,A,B,A,D,C,D,B,A,D,B,C,A,E,,,D,A,D,C,A,A
E296,D,D,,B,,C,E,B,D,D,E,,,,C,A,E,,,B,,,,,C,,A,,,B,E,A
E297,D,,,A,E,A,D,D,D,C,,,C,,B,C,E,A,A,B,B,E,,,,,D,C,,D,A,A
E298,,D,,C,,C,A,,D,A,,,A,C,A,C,E,D,,B,D,,C,,,,A,,D,,A,D
E299,B,C,C,E,A,D,D,E,C,A,E,E,,A,C,C,,D,,D,A,C,E,,,,B,,,B,C,C
E300,B,B,,C,E,B,D,A,D,C,,C,B,,B,D,,E,B,B,E,C,,,,,C,,E,B,A,C
E301,D,B,D,C,,E,E,,D,D,D,,,D,C,A,B,,C,B,,C,D,,A,C,A,,A,B,,C
E302,C,D,,C,E,C,E,C,C,B,D,C,C,C,B,C,C,C,,B,A,B,C,D,A,,A,,C,,A,D
E303,E,D,C,C,A,A,D,A,D,A,D,E,A,D,E,C,E,A,A,B,C,B,E,A,A,D,A,B,D,B,E,C
E304,B,D,E,C,E,E,A,A,D,C,A,D,B,B,A,C,D,D,A,C,E,C,C,A,C,E,B,E,C,C,C,C
E305,A,B,D,B,E,C,E,A,D,D,B,C,A,B,C,D,E,D,D,B,D,A,B,A,A,B,A,D,B,D,B,A
E306,A,A,C,E,C,A,D,B,E,C,E,C,B,B,A,D,C,A,D,B,E,C,D,B,E,A,A,B,B,A,E,D
E307,D,,,C,A,A,B,E,D,C,,,C,,A,A,B,E,D,B,E,C,A,,,,,C,B,,A,
E308,A,C,D,B,E,D,E,E,D,B,D,A,A,C,D,C,E,B,A,B,D,B,D,D,A,A,A,C,D,A,A,C
E309,B,D,C,C,E,D,E,D,C,B,E,A,C,,C,B,E,A,C,B,B,C,D,,A,,A,,B,E,E,D
E310,,D,E,B,E,D,E,,D,B,D,A,,,C,C,D,A,,B,D,B,D,E,A,,A,,,B,E,
E311,C,D,D,B,A,A,D,E,D,D,D,E,C,C,A,C,E,E,D,B,A,B,D,D,D,C,D,C,B,D,A,B
E312,E,C,E,C,E,,C,C,D,D,C,,D,C,A,D,C,C,D,,E,E,B,C,C,,B,,D,C,C,D
E313,D,D,,B,A,D,B,A,D,D,D,B,A,,C,A,B,D,,B,B,C,D,D,D,A,A,C,C,,D,
E314,C,D,C,B,C,A,A,C,D,B,,E,A,,D,C,E,B,D,B,C,C,A,D,D,D,A,C,B,,E,D
E315,,D,D,A,,D,D,C,D,A,D,,C,,C,A,A,B,B,B,D,B,C,C,A,,D,A,E,,A,B
E316,D,D,B,B,E,D,E,,D,A,D,,C,C,C,A,,D,E,B,E,B,A,D,A,C,D,C,D,B,A,A
E317,C,E,,,,,D,E,,B,,,,,,,,C,,,,D,,D,,,,,E,,,
E318,B,,C,B,E,,D,C,D,A,B,E,D,B,B,B,E,D,,A,B,,A,A,,,E,B,A,,,
E319,E,A,A,,E,C,E,D,C,,B,A,B,D,C,B,B,D,D,B,C,E,D,B,E,A,B,D,E,C,A,D
E320,C,D,C,B,A,D,,E,D,B,D,,C,C,C,D,A,D,C,B,B,B,C,D,A,,A,C,E,C,C,A
E321,C,D,C,E,A,A,E,,D,D,D,,E,B,A,C,B,D,,B,A,E,D,D,B,A,A,C,D,E,A,A
E322,D,D,D,B,A,D,E,E,D,A,D,C,C,C,C,C,B,B,E,B,D,A,C,D,A,A,D,C,C,B,A,A
E323,B,C,,E,D,D,D,B,D,D,,,D,,B,C,A,D,A,B,C,,C,D,A,,D,,A,A,,E
E324,A,D,D,A,A,D,E,E,D,A,D,C,C,C,C,C,A,A,E,B,D,C,D,D,A,C,A,C,C,A,A,A
E325,A,C,E,B,A,A,E,,D,B,C,B,B,B,C,D,E,A,A,B,B,,A,D,A,,D,,D,,A,C
E326,A,D,,B,A,D,E,,D,A,D,,C,D,C,A,E,B,D,B,,,D,,A,,A,C,C,E,D,A
E327,,D,D,B,A,C,E,E,D,A,D,A,C,C,C,C,E,A,E,B,C,B,D,C,A,C,D,C,C,A,A,A
E328,A,D,E,A,A,C,E,,C,A,D,B,C,,C,C,E,D,A,B,B,B,D,D,A,C,D,C,,C,B,C
E329,E,D,D,B,E,D,D,E,D,A,D,A,A,C,C,C,A,D,E,B,A,B,D,D,A,C,A,C,B,E,A,A
E330,C,D,D,A,A,C,E,E,D,B,D,E,E,D,C,C,E,E,,B,B,A,B,D,A,A,D,C,D,B,A,C
E331,E,D,D,B,C,A,E,E,D,B,E,A,E,C,E,C,E,A,,B,C,,D,D,A,A,D,B,B,,A,
E332,C,D,A,B,A,D,E,E,D,D,E,B,C,,C,C,D,A,D,B,C,B,D,D,C,C,A,B,C,B,A,D
E333,C,C,E,B,E,D,D,C,D,D,,,C,A,C,C,E,D,D,D,A,,C,B,D,,D,,C,A,B,C
E334,A,D,C,B,A,A,E,E,D,B,D,C,A,D,D,C,E,C,D,B,D,B,D,D,A,C,A,C,C,B,A,D
E335,D,D,,E,,D,D,,D,A,,D,,B,C,A,A,E,D,B,,E,E,,C,C,A,B,,,C,D
E336,C,D,B,B,A,D,,E,D,B,D,C,C,C,C,A,E,B,D,B,B,B,D,C,A,C,D,C,B,D,A,A
E337,E,D,D,A,A,B,D,E,D,A,E,,A,,C,C,E,E,D,B,E,B,D,D,D,C,D,C,D,B,A,D
E338,D,D,D,A,E,E,E,E,D,C,E,E,A,D,A,B,E,C,D,B,C,A,B,C,C,E,A,A,A,D,C,A
E339,,D,D,E,,A,D,E,D,A,D,C,A,D,C,C,B,,,B,,B,,C,A,C,A,E,B,A,,A
E340,,B,C,C,A,,E,C,D,D,,B,A,,A,D,E,A,D,B,B,B,B,,E,E,D,,A,A,A,B
E341,C,A,,B,E,,A,,D,C,,,,E,B,,C,A,,B,A,C,,,,,,A,E,B,,
E342,D,A,D,A,A,B,D,A,D,B,D,A,C,C,C,C,E,D,D,B,D,E,D,D,A,A,A,C,D,A,A,C
E343,D,,B,C,A,,A,C,D,C,B,,B,B,B,C,E,C,,B,C,,C,D,A,B,A,C,E,E,A,E
E344,B,E,E,C,E,C,A,E,E,D,E,C,E,D,E,D,D,B,D,B,E,E,A,B,C,E,D,E,E,D,C,B
E345,B,A,C,B,E,,D,E,D,B,,,A,A,A,D,,D,C,B,A,B,D,E,E,C,A,D,D,D,A,
E346,,D,,B,E,D,A,E,D,B,E,,,,C,B,E,A,D,B,B,,E,,D,,A,B,D,,,
E347,C,D,D,B,A,B,A,E,D,A,D,A,A,D,B,C,E,C,B,B,E,B,E,C,A,A,A,C,C,A,A,B
E348,B,,E,C,,E,D,,D,A,E,,E,E,B,,E,C,D,B,D,E,C,,D,B,B,C,,D,,
E349,B,B,E,C,B,B,D,C,D,A,D,D,C,E,D,A,C,D,A,B,C,E,B,C,A,B,A,C,E,B,A,B
E350,D,B,,B,E,D,D,B,D,D,E,,C,D,C,A,C,C,B,B,,C,B,E,D,,A,A,E,,A,
E351,B,,,B,,E,E,,D,D,E,,C,C,B,D,E,,,B,,,D,,A,C,C,C,D,,A,
E352,E,D,D,A,E,D,E,E,D,E,B,A,C,A,C,C,E,C,B,B,E,C,D,D,E,A,D,D,C,E,D,D
E353,,D,D,A,E,A,E,C,D,D,E,,,,A,A,A,D,A,,E,C,,,,,D,,A,B,A,C
E354,E,D,A,B,A,,D,,D,C,,,C,B,C,A,E,B,D,B,E,B,E,,A,,D,C,C,E,E,
E355,A,A,C,C,E,E,A,D,D,D,B,B,C,A,C,A,D,D,D,B,D,A,B,E,A,A,D,B,E,B,E,E
E356,B,D,D,,A,,D,,D,A,D,C,C,,B,C,C,B,D,B,C,B,B,D,A,C,A,C,D,C,E,
E357,D,B,D,B,A,C,A,E,D,A,D,A,B,,C,C,D,D,,B,B,C,D,,A,A,A,C,B,B,A,D
E358,A,D,D,B,A,D,E,E,D,A,D,C,C,C,C,C,A,D,E,B,C,B,D,D,A,C,D,C,C,A,A,A
E359,A,E,A,B,D,B,E,E,C,D,D,E,A,B,C,D,B,D,C,B,D,B,A,B,A,D,B,C,D,C,A,C
E360,A,D,,A,A,,A,E,D,D,D,A,,,B,D,E,C,D,B,C,C,C,D,,D,D,B,D,C,A,A
E361,C,D,B,D,E,A,E,A,D,B,E,E,B,C,E,D,C,C,D,E,D,C,D,A,B,A,A,B,E,E,D,B
E362,D,D,D,B,A,D,A,E,C,A,D,C,C,D,C,C,A,E,B,B,E,C,E,D,A,C,D,C,B,A,A,A
E363,,D,C,A,,,E,,C,D,,,,,C,D,B,D,E,,,C,C,,A,,A,,,,A,
E364,A,D,E,D,C,B,E,E,D,C,A,A,D,A,A,D,E,C,A,B,E,C,E,E,D,C,A,B,D,B,E,C
E365,D,,,C,,,E,A,D,C,,,,C,,,D,A,A,D,D,,C,,,,A,E,,,A,
E366,B,E,C,D,E,D,E,C,D,D,D,B,C,,C,A,C,D,D,B,C,E,C,A,A,A,A,A,C,B,D,C
E367,C,D,,C,C,C,D,,D,A,B,,A,D,C,C,E,D,,B,E,B,D,A,D,A,A,C,,B,B,D
E368,A,D,D,B,C,A,E,,D,A,C,A,D,A,C,B,E,A,D,B,E,C,D,,E,A,A,,B,A,A,C
E369,A,B,,A,,,,,D,D,D,,,,A,A,E,,D,B,,,,,,,,,D,,A,
E370,D,D,D,C,D,A,A,E,D,E,D,E,C,B,C,D,E,C,D,B,E,E,B,D,D,A,A,C,D,B,E,B
E371,,D,,B,E,,D,,D,D,D,B,A,,C,D,E,E,A,B,A,C,C,D,E,C,A,,C,,A,E
E372,D,D,E,B,A,B,E,C,D,A,E,A,A,A,C,A,A,C,D,B,C,B,D,D,A,A,D,C,B,C,A,D
E373,B,D,E,B,E,C,E,C,D,A,E,,D,D,C,B,C,D,D,B,E,C,A,D,C,,A,B,C,C,A,B
E374,,D,B,C,E,C,,E,C,B,D,,C,B,C,,,A,,B,E,,D,D,,,D,C,D,,E,E
E375,B,D,D,B,A,D,,,D,A,D,A,C,D,C,C,E,B,E,B,D,B,D,D,A,C,D,C,C,B,A,A
E376,,D,E,,E,,D,,D,C,,,B,,,B,,,,,,E,,,,,A,B,,,E,
E377,B,D,C,C,E,A,D,C,D,E,E,E,B,C,A,A,E,E,D,D,C,C,C,C,C,E,D,A,B,C,E,B
E378,B,D,C,C,D,A,D,B,D,D,E,C,B,A,E,C,E,C,D,B,D,B,B,D,A,B,A,C,D,A,E,B
E379,B,B,D,B,A,D,A,B,D,B,E,C,C,C,C,C,A,D,B,B,A,B,D,C,A,C,D,C,E,C,A,C
E380,D,C,C,E,D,B,B,C,B,D,,,C,C,,C,B,B,,B,B,,A,,A,,A,E,C,B,,C
E381,A,D,C,B,A,E,D,A,C,A,E,E,C,C,C,C,C,D,A,B,D,B,D,D,A,C,D,C,C,B,D,A
E382,,,,A,C,E,A,,D,C,,,A,,,D,,A,,B,,D,,,A,,B,,B,,E,A
E383,D,D,B,B,A,D,E,E,D,A,D,,C,C,C,C,C,A,C,B,,B,C,D,A,C,E,C,B,B,A,D
E384,D,E,,C,,,A,,D,D,,,E,,,D,B,A,,B,E,D,E,,E,,B,,C,,A,A
E385,D,C,D,B,A,D,A,B,D,A,D,A,B,C,C,C,E,A,B,B,D,,C,C,A,C,D,C,B,,A,A
E386,E,D,,C,C,E,C,,D,D,D,D,C,,D,D,E,D,A,B,,,,C,D,C,A,B,D,,,A
E387,A,D,C,E,D,E,D,E,D,B,D,D,C,D,D,A,E,A,D,B,C,C,A,D,A,C,D,C,B,B,A,D
E388,,D,E,,A,C,E,E,C,B,D,E,C,,C,C,,D,,B,E,,D,D,A,C,D,C,C,,B,
E389,D,D,,,C,A,D,,D,D,E,A,B,,C,B,D,A,,B,E,,B,,A,A,B,,E,A,A,C
E390,B,D,D,B,D,C,E,,D,A,D,,B,C,D,C,A,B,D,B,A,B,C,D,D,D,D,E,C,C,D,A
E391,A,D,D,B,A,D,E,E,D,A,D,E,C,C,C,C,A,D,A,B,C,B,D,D,A,C,A,C,D,D,B,A
E392,D,D,,B,E,E,E,,D,,D,,,,C,,E,A,E,B,D,B,,,A,,A,,B,C,,A
E393,D,,E,E,,D,D,D,D,A,C,,B,B,A,C,D,C,A,A,,E,D,B,B,,,E,C,A,B,
E394,D,A,E,C,A,C,D,C,D,B,E,,D,B,C,D,E,E,A,B,E,C,A,B,A,A,,A,A,,,
E395,C,,C,B,,D,E,E,D,A,D,B,E,B,C,D,A,D,C,B,D,B,B,D,B,,A,C,C,C,A,B
E396,C,,,,,A,A,,D,C,E,,,,,A,B,D,,B,,,,,,,E,,,,A,
E397,A,D,D,,A,,D,B,C,D,D,D,E,C,E,C,E,D,,D,B,B,D,D,E,D,A,D,D,,D,D
E398,D,D,C,C,E,B,E,B,D,A,D,C,C,,C,A,E,A,D,D,D,C,C,D,D,A,A,D,C,E,A,B
E399,D,D,E,B,E,D,E,C,D,A,D,B,C,C,C,C,A,A,B,B,E,A,D,A,A,,A,C,B,C,A,A
E400,A,D,D,B,A,C,E,,D,A,D,B,A,,C,C,E,C,D,B,B,B,D,,A,C,A,D,C,B,A,C
E401,A,E,,,,,B,,D,D,,,E,,B,,E,C,,E,D,E,C,,,,A,,C,C,E,B
E402,,D,D,E,A,A,E,E,D,B,D,C,A,C,B,C,B,B,E,B,A,B,,D,A,A,A,C,C,A,A,C
E403,C,D,E,B,A,D,B,C,D,C,B,C,C,A,C,A,B,D,C,D,E,C,B,A,B,C,D,B,A,E,B,C
E404,,,,A,,A,,,D,D,,,,D,B,,E,A,,,,,,,,,A,,,,,
E405,C,D,D,C,A,A,D,A,C,D,D,A,C,C,A,D,E,D,E,C,B,C,C,B,A,D,A,C,D,A,D,D
E406,D,D,D,B,A,D,E,E,D,A,D,E,C,C,C,A,E,C,D,B,A,E,D,B,D,C,A,C,D,A,A,C
E407,B,D,C,E,A,D,E,E,D,A,D,A,C,C,B,C,A,E,D,B,A,A,A,C,A,A,A,C,D,B,A,B
E408,,D,,B,A,D,E,E,D,A,E,,C,,C,C,E,D,D,B,D,B,D,D,A,C,E,B,D,B,A,
E409,D,E,E,C,A,C,E,D,D,A,E,C,A,D,C,D,A,D,A,B,C,E,D,E,A,C,A,B,D,C,A,A
E410,E,D,A,A,D,E,A,C,D,D,B,A,B,A,C,B,E,D,D,A,E,E,D,,B,,D,E,D,C,E,D
E411,A,,,E,E,D,E,E,D,D,,,C,,,C,E,B,D,B,D,,D,,B,,D,C,A,B,A,D
E412,,,,A,,,A,,D,C,,,,,E,D,E,,,,,,C,,,,E,,D,,E,
E413,E,C,E,B,E,D,B,E,D,A,C,A,D,A,C,B,C,A,E,D,B,B,D,E,D,D,D,E,A,A,E,B
E414,C,D,C,B,A,D,A,E,D,A,D,D,C,E,B,C,E,D,B,B,C,B,E,D,A,C,D,C,D,B,A,A
E415,C,D,D,C,A,D,A,A,D,D,E,,E,C,A,B,E,A,A,C,B,A,,,D,,A,,,C,B,
E416,A,,B,C,E,A,D,E,D,D,C,,A,A,A,D,C,,D,B,C,B,D,D,,D,A,D,D,C,C,E
E417,,D,,E,A,A,B,E,D,A,B,,D,,B,C,C,A,D,B,B,,D,B,,,A,C,D,A,A,C
E418,,D,,B,A,D,B,,D,A,,,D,,D,C,A,A,E,B,,C,D,,A,,D,,,,A,A
E419,E,A,B,B,E,B,A,C,D,D,E,E,E,D,B,E,D,D,E,B,D,E,E,B,D,B,A,B,C,B,E,C
E420,D,E,,A,E,D,E,C,D,,,A,C,B,,C,E,C,A,,A,D,B,E,D,C,D,,D,,,E
E421,B,B,C,B,A,D,B,D,D,E,D,B,B,A,C,A,E,A,D,B,D,A,D,C,D,A,B,E,A,D,A,D
E422,A,E,C,C,E,C,B,C,E,E,C,C,D,A,D,B,E,C,A,E,E,A,B,C,C,D,C,C,B,B,C,A
E423,D,B,D,E,A,C,E,E,D,D,D,A,C,A,C,C,E,D,B,B,E,B,D,C,C,A,D,C,E,A,D,B
E424,E,B,D,A,E,,A,A,E,D,E,,C,C,A,A,E,,,B,A,C,D,,B,,D,B,A,C,D,C
E425,C,D,B,B,E,D,D,A,D,B,D,E,C,D,C,C,E,A,D,B,D,D,B,C,A,,A,C,D,C,A,A
E426,A,D,E,B,,D,E,,C,A,,,C,,C,D,B,B,C,B,E,C,D,C,D,,A,C,,,A,A
E427,,C,,,,,E,B,D,A,B,,C,,C,C,B,E,,A,,,,A,B,,,,D,,E,B
E428,B,A,D,A,A,A,D,C,D,A,C,E,D,C,C,A,E,A,D,B,E,E,C,D,A,D,A,A,B,A,A,D
E429,D,D,C,E,E,,E,E,D,A,D,C,A,C,B,C,E,B,A,B,E,B,D,D,C,A,A,B,E,C,A,C
E430,B,D,C,A,A,C,D,,D,D,D,E,C,,C,C,E,E,C,B,B,C,C,D,A,,,C,A,,A,
E431,A,D,D,B,A,E,D,B,C,,D,,C,D,C,A,E,D,B,B,C,B,D,D,C,D,A,C,B,A,A,A
E432,A,B,E,B,A,D,D,E,C,C,E,D,D,D,C,A,E,D,E,B,B,C,B,A,A,,B,E,C,C,A,C
E433,A,E,D,B,A,E,A,,C,E,D,A,C,C,C,A,E,D,D,B,C,B,D,D,C,C,D,C,C,C,A,A
E434,D,E,A,A,B,E,A,C,C,C,E,E,E,C,B,A,E,C,E,B,A,E,E,C,E,C,C,D,D,C,D,B
E435,C,D,D,B,A,D,B,A,D,D,D,C,A,B,C,A,E,D,D,B,B,C,C,D,C,C,D,D,D,A,A,B
E436,D,D,C,B,E,D,E,E,D,A,D,,C,C,C,C,D,D,D,B,D,B,D,,D,,A,B,D,C,A,B
E437,A,B,C,A,D,C,,,D,D,,A,C,E,B,A,B,D,,,E,D,B,D,E,C,C,,A,E,A,B
E438,D,D,D,B,A,D,E,,D,A,D,C,C,D,C,C,A,A,B,B,E,B,,D,A,C,D,C,,A,A,A
E439,A,D,,B,E,D,E,A,D,A,,,C,B,C,A,E,D,B,B,,A,D,E,A,,B,D,C,C,A,
E440,D,D,C,B,E,D,D,C,D,D,E,,A,C,C,C,D,C,D,B,C,B,,D,A,A,A,C,,E,A,D
E441,B,D,A,A,D,,A,,D,D,E,C,,,B,A,E,A,,B,,C,D,D,,A,D,,C,C,A,C
E442,D,B,C,A,A,C,D,C,D,A,D,D,B,B,A,C,E,C,A,B,C,C,A,D,A,C,A,C,D,A,E,A
E443,A,A,C,B,,,E,,D,A,E,,,D,C,,A,B,,B,D,C,D,,D,,A,B,B,,A,
E444,D,D,,A,E,,D,C,D,D,D,B,C,,C,,E,B,B,B,A,,D,,A,D,D,C,,A,A,D
E445,A,D,D,A,E,D,E,A,D,C,D,A,B,B,B,C,B,D,A,B,,B,D,C,A,C,D,,C,B,A,C
E446,,,B,E,C,C,D,D,D,A,B,,C,,C,D,E,D,C,B,C,,D,D,E,C,A,C,D,,D,
E447,A,D,C,B,A,D,E,E,C,A,E,C,C,C,C,A,A,D,E,B,D,B,D,D,A,A,A,C,B,A,A,A
E448,C,,,A,E,D,,,C,C,E,,,,B,C,E,B,,B,,A,C,,A,,E,,B,,A,
E449,A,D,C,B,A,D,D,C,D,B,D,B,A,C,C,A,B,D,E,B,E,A,E,D,A,C,A,D,B,C,D,D
E450,B,D,B,D,E,B,A,E,D,A,E,A,,,C,C,C,C,C,B,E,C,,A,,D,A,,D,B,A,B
E451,D,D,B,A,A,D,E,B,D,A,D,D,C,E,A,B,E,C,A,B,E,C,E,D,A,A,A,C,C,B,A,B
E452,,E,C,C,,A,B,E,D,C,,B,,,A,C,E,B,D,B,C,C,B,D,B,,,C,,,D,
E453,D,D,D,C,A,E,E,E,D,A,D,,A,,D,C,E,D,A,B,E,B,C,D,A,C,E,C,C,B,A,A
E454,B,D,B,A,C,D,D,A,D,C,C,C,B,D,B,C,E,C,A,B,C,A,D,C,D,A,A,D,D,B,A,D
E455,C,B,,A,E,A,A,C,D,A,,A,A,A,E,B,E,D,A,B,D,,D,,C,,A,,D,A,A,C
E456,C,B,D,B,,,E,,D,D,,,C,,C,B,E,C,,B,E,,,,D,,E,,,,E,C
E457,E,D,C,A,D,B,A,B,D,C,E,E,A,D,A,B,D,D,D,B,A,C,A,C,E,C,D,B,D,C,C,B
E458,D,D,D,A,C,A,E,B,D,D,E,A,E,C,A,C,E,C,D,B,B,E,C,E,E,C,B,C,D,C,B,B
E459,D,D,C,B,A,D,D,C,D,A,D,E,D,B,B,B,E,C,A,B,C,B,C,B,C,C,B,C,B,E,E,A
E460,D,D,B,C,E,B,E,B,E,B,D,D,A,D,B,C,C,E,E,D,D,E,E,B,D,D,C,B,A,D,E,C
E461,A,B,,B,,,E,,D,A,E,,C,A,D,A,E,C,D,B,E,,B,C,B,,,,C,C,A,C
E462,B,,C,C,C,D,D,B,D,D,D,,A,C,D,B,B,D,D,B,D,,B,C,A,,A,,A,,,B
E463,,D,,B,A,D,E,B,D,A,,,C,,C,C,E,D,E,B,E,,E,,C,,A,C,B,,A,A
E464,D,B,C,B,A,D,D,,D,A,,,C,,C,A,A,D,A,B,B,D,D,,A,D,A,C,D,B,A,A
E465,D,D,,B,A,D,A,E,D,A,D,A,C,,C,C,E,E,B,B,D,B,D,,D,C,A,D,C,A,A,C
E466,A,D,E,B,A,C,E,C,D,B,D,D,C,C,C,A,A,D,E,B,C,C,A,D,A,A,A,B,D,B,B,D
E467,B,D,,C,A,A,E,,C,D,E,E,A,A,C,C,E,C,D,A,E,C,D,D,A,,D,E,A,C,B,D
E468,D,B,D,B,E,,D,,D,A,D,A,C,C,C,C,E,C,B,B,E,,D,D,D,A,A,C,C,B,A,B
E469,C,D,D,B,E,,A,E,C,A,D,C,C,D,C,C,E,A,B,B,C,A,D,D,A,C,A,C,B,C,A,D
E470,B,D,,B,A,C,E,C,D,A,D,,C,,C,C,E,E,D,B,,C,A,D,B,,D,C,D,A,A,B
E471,A,D,B,B,A,,E,E,D,A,E,,C,C,C,A,E,D,C,B,,B,D,D,C,,D,E,B,B,A,A
E472,,,,E,E,D,D,,D,A,E,,C,,B,C,A,B,,B,C,A,,D,D,,A,A,B,E,E,
E473,D,D,,B,,D,E,,D,C,D,A,C,C,C,A,E,D,,B,E,C,D,,A,A,D,C,D,B,A,A
E474,A,C,C,B,A,D,E,A,D,D,E,C,A,D,C,A,C,E,C,B,D,E,D,E,A,C,A,C,C,,D,A
E475,B,C,D,C,A,A,E,E,D,C,B,B,B,E,C,C,E,A,D,B,B,C,C,D,,C,A,,E,C,A,C
E476,,D,C,B,E,B,D,,D,A,D,E,C,C,B,A,C,D,A,B,C,B,D,A,A,A,A,C,C,E,A,A
E477,A,D,B,B,A,D,E,E,D,B,D,B,A,C,C,C,A,D,E,B,A,B,D,D,A,C,D,C,C,A,A,A
E478,C,D,E,A,,E,A,A,D,C,E,A,,,A,D,A,D,D,,E,C,C,,,,D,A,E,E,D,C
E479,D,D,,B,A,A,E,,D,B,C,B,C,,C,A,E,E,,B,D,B,D,D,C,A,D,C,D,B,A,D
E480,,,,,,,E,,C,C,,,,,,B,,C,,,,,,,,,A,,,,C,
E481,A,D,C,A,A,D,E,D,D,B,B,B,C,C,C,A,A,A,B,B,E,B,C,C,A,C,D,C,B,A,A,A
E482,D,D,E,,D,A,D,C,D,D,C,B,A,,C,D,A,A,D,C,B,C,E,E,,C,A,E,D,A,D,C
E483,,D,,,E,D,A,E,D,D,,B,D,D,B,E,E,A,D,B,B,,C,,D,,A,C,A,,A,
E484,D,D,C,B,,,A,,D,E,D,,A,,D,C,E,D,D,B,E,E,C,D,A,A,A,,C,,A,A
E485,,A,E,C,E,A,C,,D,D,B,,E,,B,A,D,A,A,A,,E,B,D,,,A,,B,A,B,C
E486,C,D,C,B,E,B,E,E,D,B,C,A,,A,C,C,E,D,C,B,D,B,D,E,A,A,A,B,E,,A,A
E487,A,D,D,A,A,D,E,E,D,A,C,C,C,C,C,C,B,B,B,B,C,B,D,D,A,A,D,C,B,A,A,A
E488,A,D,C,B,A,D,E,A,D,D,E,A,C,,C,D,E,D,,B,,C,,A,D,C,C,,D,E,C,
E489,D,C,A,B,C,E,E,A,C,D,E,C,B,C,A,D,A,C,D,B,B,E,D,C,C,,A,B,C,B,E,D
E490,D,D,E,B,A,D,E,B,C,A,,,C,C,C,A,E,A,E,B,E,B,B,D,A,,A,C,,E,A,A
E491,E,D,D,D,E,D,E,C,D,A,D,B,A,C,B,C,E,B,C,B,D,B,A,D,A,A,A,C,B,B,C,C
E492,D,D,E,B,E,E,D,E,D,A,C,,C,C,C,A,E,A,A,B,E,B,D,D,B,C,A,C,,A,E,C
E493,A,D,D,B,E,,E,B,D,A,D,C,,C,E,C,A,D,A,B,D,B,D,D,C,A,A,,E,A,A,C
E494,D,D,D,A,A,B,D,C,A,E,D,B,C,C,D,A,E,E,C,B,D,C,D,A,A,C,A,C,D,B,E,E
E495,B,,B,D,,,,D,,,E,,,A,,,,D,,A,B,,D,C,A,,,,E,A,,D
E496,C,D,,B,E,E,E,C,D,A,,B,C,D,C,C,E,E,E,B,C,B,A,A,A,C,A,A,C,E,A,B
E497,B,D,B,E,E,E,E,E,D,A,E,B,A,D,B,D,E,A,C,B,B,C,D,A,A,E,A,D,C,A,A,B
E498,B,B,C,A,C,C,A,B,D,A,E,C,C,D,B,C,E,C,E,B,D,C,B,A,A,E,A,B,A,C,D,C
E499,A,,E,E,A,,B,,A,A,E,E,D,A,D,D,B,E,E,D,A,A,,E,,C,D,E,,E,C,C
E500,A,D,E,B,,D,A,,D,B,E,,C,,C,C,B,B,D,B,B,B,C,,,,D,C,C,B,A,D
E501,A,E,B,E,E,E,B,B,D,C,C,,D,,B,A,A,C,D,,B,D,B,B,,,A,,B,A,A,B
E502,A,C,C,A,E,B,A,C,D,D,E,B,E,C,C,A,A,E,D,B,B,C,C,D,E,D,A,C,D,A,D,C
E503,C,D,C,B,A,A,E,E,D,A,D,C,C,D,C,C,A,B,D,B,D,B,C,C,A,C,D,C,C,A,A,A
E504,B,A,,B,E,A,E,C,D,C,D,,E,,B,B,A,E,,B,C,D,C,,,E,D,B,D,,A,C
E505,D,B,,B,E,E,D,B,A,D,,B,C,C,C,A,,A,B,B,E,A,D,C,A,D,D,C,D,B,A,A
E506,D,D,D,B,E,A,D,A,D,D,B,A,B,D,D,D,A,A,E,C,C,D,D,D,A,E,A,B,A,E,E,C
E507,A,D,,A,E,D,E,E,D,A,D,B,C,,C,A,A,D,A,B,E,B,D,,A,A,A,B,B,,B,A
E508,C,D,D,A,A,D,E,C,D,B,D,C,C,C,C,C,E,D,D,B,D,B,D,D,A,C,D,C,B,A,A,A
E509,A,,C,E,,,A,E,D,D,E,,B,,E,D,A,A,D,,E,C,,A,A,,A,,E,A,A,C
E510,A,B,E,B,A,E,E,,D,D,C,,C,,C,B,E,D,A,B,D,B,D,D,C,,A,C,C,E,A,A
E511,A,D,B,B,A,D,A,,D,D,D,A,C,D,C,C,E,E,D,B,E,B,D,D,A,C,D,C,A,E,A,C
E512,A,D,B,B,A,D,E,E,C,A,D,C,C,C,C,A,E,A,B,B,B,B,D,D,A,C,D,C,C,D,D,A
E513,D,D,D,C,A,D,E,B,A,A,D,C,C,D,C,C,E,A,A,B,D,E,D,C,A,A,A,C,B,B,A,E
E514,A,C,B,C,A,E,E,A,D,D,,,C,B,C,C,E,D,E,B,B,C,D,C,A,A,D,D,B,,C,
E515,C,D,,A,A,D,,A,D,D,,,C,,C,B,A,B,B,B,B,B,,C,A,,A,B,B,A,A,A
E516,B,D,B,C,A,E,E,E,D,B,D,A,C,D,C,C,B,C,A,B,C,B,D,C,D,A,A,C,C,C,,A
E517,B,D,,B,E,A,D,A,D,D,B,C,B,D,A,A,E,C,B,B,D,,B,A,B,A,A,C,B,B,A,B
E518,,,C,A,,,A,A,D,D,A,B,B,,B,D,B,,E,B,,E,,D,,,A,C,D,,,
E519,A,D,C,A,C,D,D,B,D,A,C,A,C,D,D,C,E,D,,B,D,,,D,E,,A,C,B,B,,B
E520,D,B,C,B,A,C,E,C,D,A,C,C,A,D,C,C,A,D,A,B,D,C,D,E,A,C,B,B,,C,A,A
E521,C,D,,B,A,D,E,E,C,A,,C,C,,C,C,E,D,A,B,E,E,D,,A,C,A,C,A,B,A,A
E522,E,E,C,B,C,A,E,B,D,A,E,E,E,A,C,D,B,B,D,A,A,E,A,E,A,D,B,D,C,A,B,D
E523,A,B,D,B,A,D,E,C,D,C,D,,A,C,C,A,E,E,A,B,E,C,D,D,A,C,A,C,D,A,B,C
E524,,D,,B,A,D,E,,D,A,,,C,,C,C,E,D,,B,E,B,D,,A,,D,,B,C,A,
E525,A,D,C,B,A,B,E,E,C,A,D,B,C,D,C,A,E,E,D,B,E,B,D,D,A,C,D,E,C,A,A,B
E526,,A,,C,E,A,E,,A,B,E,,B,,E,,C,E,A,,,,,,,,A,,,E,D,
E527,D,D,,,B,E,D,C,D,B,E,,A,,B,C,E,C,D,B,B,C,C,,A,A,A,B,D,C,A,C
E528,A,D,D,,A,C,E,A,D,A,D,A,A,D,B,C,E,D,,B,E,C,D,C,E,C,A,D,C,C,A,E
E529,D,D,,B,,C,A,,D,B,,C,A,,C,A,E,A,,B,D,C,C,,A,,A,E,B,,,
E530,,,,D,D,,D,,D,C,,,B,A,B,D,C,E,E,,D,C,D,,,,,,A,C,C,C
E531,A,B,D,B,A,E,B,B,D,A,,,C,C,C,C,E,D,B,B,D,B,D,,A,,D,C,A,A,A,A
E532,A,C,B,C,E,D,E,C,B,E,A,B,E,D,A,C,E,C,D,D,A,B,D,B,E,A,D,D,C,C,A,C
E533,A,D,,A,E,A,D,A,D,A,D,,A,D,B,B,E,C,D,B,C,C,B,E,B,A,A,C,D,C,D,B
E534,E,D,D,A,A,D,E,A,D,A,D,,B,E,C,C,B,B,B,B,B,B,E,,D,D,A,D,A,A,E,C
E535,A,D,D,A,A,D,D,E,D,A,D,D,C,E,C,C,A,D,D,B,D,B,D,D,A,C,D,C,D,A,A,A
E536,B,C,,B,,C,B,,D,D,E,,E,B,C,B,B,D,A,B,E,C,D,A,A,A,A,D,D,E,,D
E537,A,D,C,B,A,D,E,C,D,B,D,,C,C,C,C,B,D,B,B,D,B,A,B,E,C,E,C,B,B,A,A
E538,D,D,,,E,A,D,C,C,A,B,,C,C,C,A,D,E,,,C,C,,,A,C,A,,E,A,,C
E539,E,A,E,B,E,A,D,C,D,B,E,B,D,A,D,A,C,D,D,A,D,C,D,B,D,B,A,D,E,B,A,E
E540,B,A,B,A,C,A,B,E,B,D,B,E,D,B,D,D,E,E,D,C,B,E,E,E,A,D,D,E,A,C,E,A
E541,D,D,,B,C,B,E,C,D,A,,B,B,C,C,A,A,C,D,B,,E,A,C,A,,B,C,D,E,E,
E542,D,D,D,B,A,D,A,E,C,B,D,A,C,C,C,A,A,D,E,B,D,B,D,D,A,C,D,C,C,A,A,A
E543,D,D,,B,A,D,E,E,D,B,D,,C,,C,C,A,D,B,B,C,,D,,A,C,A,C,B,,A,A
E544,E,B,E,B,C,C,E,E,D,D,A,E,C,A,E,C,E,D,C,B,B,D,D,A,A,A,A,D,D,E,A,D
E545,,D,,A,E,,A,B,D,C,B,,D,,C,A,B,D,A,B,A,E,A,,A,,D,B,B,C,E,
E546,A,D,,D,A,D,E,A,D,A,E,C,C,D,C,C,E,D,D,B,,B,B,D,A,,D,E,C,C,A,C
E547,D,D,B,A,E,E,E,E,D,A,D,,A,C,,C,E,C,D,B,C,B,B,,A,C,A,C,D,C,A,D
E548,B,D,D,B,A,D,E,C,D,D,E,A,B,D,C,C,E,A,E,B,E,C,D,D,C,D,A,E,B,C,A,
E549,,,C,C,,D,A,,D,,E,,D,,B,D,B,C,,,,C,,,,E,A,,C,,,
E550,A,,B,B,A,,D,C,D,A,,,,A,B,B,E,D,,B,B,,B,D,,,E,,,B,A,A
E551,,D,,B,A,D,D,B,D,D,A,B,B,A,B,B,E,B,,B,C,C,B,C,A,,A,C,D,A,,
E552,D,D,D,B,A,D,D,E,C,A,D,A,C,C,C,D,A,A,E,B,C,B,C,D,A,C,D,C,,B,A,A
E553,A,D,,B,A,D,A,,C,A,,,C,,D,C,A,D,B,B,B,B,D,,A,C,D,D,,A,D,A
E554,A,D,C,B,E,A,E,B,D,A,D,,D,C,C,A,B,E,D,B,A,C,C,D,,,D,C,B,A,A,A
E555,D,D,E,C,C,B,B,A,D,D,D,D,,,A,A,E,A,E,B,B,C,E,D,A,B,A,C,A,C,D,B
E556,D,A,,B,A,D,B,E,D,D,,B,C,C,C,A,D,E,E,B,A,B,A,D,D,,A,B,A,C,A,A
E557,A,D,D,B,E,D,E,C,D,A,D,,C,,C,C,A,B,B,B,,B,,C,A,C,D,C,D,B,A,D
E558,C,A,E,D,E,A,D,A,C,A,D,C,B,B,A,D,C,A,E,B,C,C,B,C,E,C,A,E,A,A,D,B
E559,A,D,C,B,A,D,E,E,D,B,D,E,C,,C,C,A,E,A,B,D,B,D,D,A,A,A,C,C,B,A,A
E560,C,D,E,C,E,D,C,B,D,A,D,A,C,A,C,D,B,E,A,B,D,C,A,D,D,C,D,C,C,B,A,C
E561,A,,,B,E,A,,,D,D,E,B,A,E,E,C,A,C,D,B,B,,C,D,E,,A,,D,,E,
E562,B,B,D,A,C,E,A,C,B,D,D,E,C,B,B,C,B,C,D,D,D,C,B,D,D,E,E,C,D,E,C,C
E563,C,D,D,B,A,D,E,E,D,A,D,C,C,D,C,C,A,D,B,B,D,B,D,A,A,C,D,C,C,A,A,A
E564,A,D,,B,A,A,E,C,D,D,C,A,C,C,C,A,A,D,C,B,B,C,D,,A,,A,C,B,C,A,D
E565,,D,C,B,C,C,A,,C,D,,,B,D,C,C,E,D,D,B,,C,C,D,A,,A,D,A,C,,
E566,C,D,E,C,A,E,E,E,D,B,D,D,A,B,A,C,E,A,A,B,C,C,A,D,A,A,A,C,E,E,B,
E567,D,D,,B,,C,E,B,D,A,,,A,,C,C,E,E,B,B,D,A,A,C,A,,A,C,D,C,A,A
E568,B,D,E,A,D,A,E,D,D,B,E,A,E,B,C,C,E,E,C,B,A,C,D,,C,B,A,,B,C,A,E
E569,C,B,B,C,E,A,A,E,D,D,D,A,B,A,C,A,A,C,A,B,B,C,A,D,A,C,E,D,C,D,E,D
E570,B,B,D,B,E,B,D,B,D,A,D,B,C,,C,C,E,E,D,B,E,C,D,B,A,C,D,,B,A,A,
E571,B,D,D,A,A,B,D,E,D,B,C,E,B,C,B,C,E,D,D,B,C,C,C,D,D,C,A,C,D,A,A,D
E572,E,,,B,,E,A,E,D,B,C,,,D,E,C,A,D,,B,,D,,,A,,,D,,,,
E573,B,,,C,D,A,A,,D,D,,,,,C,D,E,E,,B,E,,B,,,,A,C,E,C,A,
E574,D,C,B,D,A,D,D,C,D,B,B,D,D,E,A,D,E,D,D,A,A,B,B,B,E,D,E,E,C,C,E,C
E575,D,A,E,B,D,,E,B,D,B,D,,C,C,C,C,A,D,A,B,E,B,D,D,A,A,D,C,C,,A,B
E576,A,D,E,B,A,B,E,E,D,A,E,B,C,C,C,D,C,E,A,B,B,C,D,D,A,C,D,C,D,E,A,A
E577,C,B,,A,E,,D,E,D,C,D,B,,,C,D,B,D,E,A,D,C,D,,A,E,A,,E,,E,A
E578,C,,,B,,A,D,E,D,D,E,,,A,B,C,A,D,,B,D,,D,B,E,,A,E,C,C,C,A
E579,C,B,,E,,D,A,,D,A,,,A,A,B,D,A,C,B,D,E,,E,,,,B,,B,A,D,
E580,D,D,B,,A,D,E,E,D,D,D,C,B,B,C,C,B,D,D,B,C,B,E,D,C,C,B,B,D,C,A,C
E581,C,B,E,C,A,A,A,A,A,D,E,A,C,D,D,A,C,C,B,B,A,D,C,A,C,D,A,D,C,C,A,A
E582,D,E,E,C,E,C,D,C,D,D,E,C,E,E,C,C,D,A,D,B,E,C,C,B,D,C,E,E,D,B,A,B
E583,A,,,A,E,,E,,D,D,E,,,,C,A,,D,B,B,,B,E,,C,,C,,,,E,A
E584,A,A,D,B,A,C,E,A,D,D,B,D,A,E,B,D,A,D,A,B,B,B,A,E,E,B,A,D,E,B,A,C
E585,D,D,,B,E,A,B,C,D,D,C,,,,A,C,A,B,,B,E,,,,E,,B,,D,B,B,
E586,E,D,,B,E,D,E,,D,A,D,A,A,,C,A,E,D,B,B,B,A,D,,E,C,A,B,C,A,A,A
E587,C,B,,B,A,D,E,B,D,A,E,,C,,C,C,E,D,B,B,E,B,D,,D,,A,C,,C,E,
E588,E,D,D,E,C,D,A,E,D,D,D,D,D,A,D,C,E,A,D,B,C,B,E,E,A,C,D,C,E,B,A,C
E589,D,D,C,,E,C,E,E,C,A,E,A,C,A,D,A,E,E,A,B,C,B,D,A,C,C,D,C,D,D,A,
E590,D,D,,B,E,E,A,A,C,D,C,C,C,C,,B,E,A,,B,C,A,D,C,A,,A,C,A,D,E,D
E591,B,D,E,A,,A,A,,A,C,,E,,D,B,D,A,,E,,D,,A,,,,B,,B,A,C,B
E592,B,B,B,B,E,A,E,C,A,B,C,D,D,D,A,D,A,B,A,D,D,C,B,D,A,C,B,E,D,B,D,D
E593,E,E,,B,E,E,A,A,D,A,B,,E,E,C,D,,A,,A,C,D,,,C,,,B,D,B,,
E594,C,D,,D,E,C,E,B,D,A,E,A,C,,C,C,A,D,E,B,C,C,D,,E,A,A,B,B,C,A,D
E595,D,,,D,,,B,,D,C,,,,,B,,B,D,,B,A,,D,A,,,A,,E,,,
E596,D,D,E,A,,A,B,A,D,A,E,A,C,,B,C,E,A,,B,D,C,,C,,C,B,C,D,,E,C
E597,A,D,B,B,,E,E,B,D,A,D,,C,D,C,C,A,B,A,B,D,B,C,C,A,C,E,C,D,B,A,
E598,,C,,B,,A,,,D,A,C,,C,,C,C,E,B,,A,,B,D,C,E,,E,,,C,,C
E599,,D,D,E,A,E,E,C,C,A,E,B,A,E,C,C,A,D,B,B,D,B,E,,A,,E,C,E,,A,D
E600,E,C,E,D,A,A,A,D,A,D,B,B,D,B,A,D,D,D,B,E,A,E,C,A,D,D,D,B,A,D,B,B
E601,D,,D,B,C,D,B,C,A,B,C,D,E,A,C,B,E,A,C,D,B,C,C,D,C,E,B,C,B,C,A,D
E602,D,D,A,B,A,A,E,B,D,D,E,C,D,C,D,D,C,B,D,B,E,E,E,D,E,A,E,B,B,C,E,C
E603,C,E,B,C,E,A,D,D,D,D,E,B,E,D,B,A,C,C,A,B,A,A,E,A,C,B,A,B,A,D,E,A
E604,A,C,E,E,D,D,E,E,B,E,,E,E,A,C,E,A,E,E,A,C,A,D,E,A,,C,C,D,C,D,C
E605,A,D,B,B,E,B,B,E,D,A,D,C,E,D,C,A,B,E,B,B,D,B,D,D,A,E,D,C,D,A,A,A
E606,A,,,B,A,E,,C,D,D,,C,,B,,A,E,D,,B,E,,C,D,A,,A,C,,,D,E
E607,,D,D,B,E,,E,,D,A,D,,C,B,C,C,B,E,B,B,C,C,D,,A,C,D,C,C,C,A,
E608,C,A,,C,A,D,E,A,A,D,D,,,A,C,C,A,D,A,B,B,D,,,E,D,A,B,D,,D,
E609,,,,E,,,,,D,C,,,C,,D,A,B,,A,,,,,,,,,,,,E,A
E610,A,C,D,B,A,B,D,,D,A,D,C,C,,C,D,D,D,B,B,B,B,D,,A,C,A,C,E,B,A,D
E611,D,D,E,E,E,B,D,E,D,A,E,B,B,E,D,C,C,A,E,B,D,B,D,C,A,A,D,B,D,A,A,C
E612,C,B,B,B,E,D,E,,D,A,B,A,A,C,A,A,E,D,E,B,E,C,D,A,A,,D,B,C,C,E,C
E613,B,E,C,B,A,C,A,E,D,B,E,D,A,D,D,C,B,B,C,B,B,C,D,D,A,A,A,C,D,B,E,B
E614,D,D,E,B,A,D,A,E,D,C,E,A,A,C,B,C,E,B,D,B,D,C,A,E,C,C,A,C,D,E,E,A
E615,D,D,C,A,D,D,D,C,D,D,D,D,A,,C,A,D,C,D,B,E,D,B,E,A,A,D,B,A,B,D,A
E616,D,D,D,B,E,A,D,E,D,A,D,C,C,,C,C,A,A,E,B,A,B,D,D,A,C,A,C,C,A,A,
E617,B,E,,A,E,E,B,,D,D,,,D,,B,D,E,B,,,E,,B,C,,B,A,,,E,B,A
E618,C,B,C,A,E,,D,C,D,C,E,A,A,B,D,D,B,C,D,B,C,C,B,A,E,B,A,E,D,B,A,C
E619,E,D,D,B,A,D,A,E,D,B,D,A,A,C,C,C,E,D,E,B,D,B,D,D,,C,D,C,C,A,A,A
E620,D,A,B,A,E,D,D,E,D,A,C,D,A,,C,C,E,D,D,B,E,C,D,D,C,C,D,D,A,D,A,C
E621,A,A,,B,A,D,D,D,C,C,E,,C,C,C,A,E,C,,D,C,,A,A,,,A,D,C,A,D,D
E622,C,B,C,A,A,A,E,E,C,A,D,E,E,C,D,A,E,B,D,B,D,E,A,E,A,C,D,C,D,A,D,D
E623,,,,C,E,B,E,,E,C,E,,D,,C,A,B,D,B,A,,A,,,,,,D,B,,D,
E624,C,C,,,E,,B,C,D,A,,,D,E,D,C,B,C,,B,D,B,C,D,,,A,C,,D,,C
E625,B,D,,E,E,E,D,A,D,D,D,,,A,C,C,E,A,A,B,D,D,A,,D,B,A,,B,C,E,E
E626,A,B,C,B,E,C,E,D,D,D,D,C,C,D,C,A,E,E,B,B,E,B,D,,D,A,A,C,C,B,E,A
E627,D,D,D,B,E,,E,E,D,A,D,C,C,,C,C,E,D,B,B,D,C,C,D,D,A,D,C,C,,A,A
E628,A,D,D,B,A,D,D,E,D,A,D,A,C,C,C,C,E,D,B,B,A,B,D,D,A,A,D,C,,,A,A
E629,C,D,D,B,A,E,D,B,D,A,D,,C,B,C,C,E,D,D,B,D,C,D,D,D,,D,C,,C,A,
E630,B,,C,B,,,E,,D,,D,,E,C,C,A,C,D,D,B,,B,D,,A,,A,D,B,,,A
E631,A,B,,B,E,D,A,,D,A,,,D,E,B,A,E,D,B,B,E,C,A,,C,,A,,D,,A,D
E632,D,D,,B,C,D,A,,D,C,D,,C,D,B,D,E,D,,B,,,D,A,A,A,A,,E,,E,E
E633,D,D,D,B,A,D,B,E,D,A,D,E,C,D,C,C,E,D,B,B,D,B,A,,A,C,A,C,D,B,A,C
E634,B,D,,C,A,A,E,,D,C,B,,C,,C,B,C,D,,B,D,C,,A,A,,B,,,D,B,D
E635,E,B,E,B,E,D,A,D,D,C,E,B,A,C,D,C,A,E,,A,B,,A,C,C,,E,,,B,C,E
E636,,A,,A,E,A,D,C,D,A,E,C,A,C,C,C,E,D,D,D,,C,D,C,A,C,D,C,E,,B,
E637,,B,,B,C,E,,C,D,A,,,C,,C,D,E,E,D,,B,,,,B,,A,,B,B,B,B
E638,D,B,,B,E,D,E,,D,D,E,,C,C,C,D,E,A,A,B,D,B,D,D,D,,A,A,,,C,A
E639,D,B,E,A,C,D,D,E,C,D,E,E,C,D,D,D,E,B,D,A,A,C,C,A,D,,A,D,E,C,D,D
E640,D,A,E,C,E,D,D,A,C,D,E,E,A,E,B,A,C,B,D,B,B,C,C,D,D,B,A,B,A,B,D,C
E641,A,,,E,,A,D,,D,C,,,A,A,C,A,E,D,,B,A,,,,D,,A,A,,C,A,D
E642,,D,,B,,,A,,D,B,D,,A,D,C,C,C,D,A,B,E,B,,D,A,A,A,C,D,,,D
E643,C,D,E,A,E,D,,E,D,D,E,C,C,,C,C,E,A,C,B,,C,C,,,,A,C,D,,,A
E644,B,,B,A,,,A,,D,C,,E,E,B,D,D,E,D,,B,B,B,D,,D,,D,,B,B,A,
E645,D,D,,B,A,D,E,C,D,B,D,C,C,A,B,C,E,C,D,B,B,B,D,D,A,A,D,E,B,B,A,C
E646,,D,,,E,D,,,C,,,,,,,,E,C,,B,D,,C,A,E,,E,D,,C,E,D
E647,D,D,D,A,E,A,D,E,D,C,D,A,A,D,C,D,E,A,,B,B,A,E,,A,C,A,,C,,B,C
E648,B,A,E,C,E,A,E,B,C,B,E,,B,B,A,D,B,B,E,D,C,C,D,E,B,B,A,B,B,A,B,D
E649,B,D,,B,E,E,E,,D,A,D,,E,,C,C,E,D,A,B,C,B,D,D,A,C,A,C,D,B,A,A
E650,B,D,D,C,E,D,E,A,C,D,D,E,C,C,E,B,B,C,,B,A,A,D,D,A,C,A,C,D,C,A,
E651,A,C,,D,A,D,E,E,D,A,B,C,C,C,C,D,E,E,A,B,B,C,D,D,C,C,E,B,C,E,E,D
E652,D,D,D,B,A,D,A,E,D,A,D,A,C,C,C,C,E,C,E,B,D,B,C,D,A,A,C,C,B,E,A,C
E653,A,B,E,E,E,D,E,E,D,D,E,,A,E,B,A,B,B,D,B,D,C,B,E,,,A,C,D,A,E,
E654,A,,B,B,A,A,E,E,D,B,D,,C,D,C,C,A,D,A,B,E,B,D,D,A,,A,D,C,A,A,C
E655,B,D,B,E,C,B,D,A,A,B,D,B,D,A,A,D,E,A,D,A,E,D,B,E,D,E,B,D,C,B,B,A
E656,A,B,A,C,A,E,A,,D,E,D,,C,C,D,D,E,D,A,B,,C,,D,,D,D,A,B,C,D,D
E657,D,D,D,B,A,C,E,,E,A,E,,C,,A,A,E,D,,B,E,C,D,D,A,C,D,A,D,C,A,
E658,A,D,B,B,A,D,E,D,D,B,D,D,C,,C,D,A,A,D,B,B,C,B,D,A,A,A,C,E,B,A,A
E659,,B,D,B,E,E,B,A,C,D,E,C,A,C,C,A,E,A,C,B,A,E,D,D,A,B,A,C,D,B,D,C
E660,D,,,,E,D,E,A,C,C,D,,,C,E,B,,C,,,C,B,,,,,,,C,,C,B
E661,D,E,D,D,E,A,C,B,D,B,E,C,B,C,B,A,C,C,C,B,E,D,D,E,D,A,A,D,D,B,B,A
E662,A,D,D,A,E,A,E,E,D,A,E,C,E,,C,C,E,C,,B,C,C,E,D,A,C,B,B,D,,D,
E663,B,D,E,E,E,D,D,,D,B,E,,C,,C,A,B,D,D,D,B,C,E,,D,C,A,,,,E,
E664,C,D,,C,E,C,E,,D,A,,,D,,,A,C,D,,,A,E,B,,A,,A,,D,C,D,C
E665,C,D,C,B,D,D,B,B,D,A,E,D,A,D,C,D,E,A,B,B,E,C,D,D,B,A,A,E,D,A,A,A
E666,A,D,,B,E,D,E,B,D,,D,,C,D,C,C,E,D,,B,C,C,D,,D,,A,,,B,A,
E667,B,B,,C,E,D,B,E,D,D,E,,E,A,C,A,B,D,,A,A,,D,A,A,,A,C,A,,C,C
E668,,D,C,B,A,C,E,A,D,A,,,A,,C,C,A,D,,B,D,B,A,,A,A,A,C,D,B,A,D
E669,A,,,B,,,,,D,D,,,,,,,C,D,,,,,,,,,,,,,D,C
E670,D,D,D,B,E,C,E,E,D,A,D,A,C,C,C,A,E,D,D,B,D,B,D,C,A,C,D,B,C,B,A,C
E671,A,D,E,B,A,A,E,B,C,B,E,E,C,C,C,A,A,D,B,B,A,B,D,E,A,C,D,C,D,C,A,C
E672,C,E,E,E,E,E,A,C,E,A,D,,C,D,D,A,E,D,A,B,E,E,D,,C,A,A,C,D,A,E,A
E673,E,D,D,B,A,A,B,E,D,D,B,,C,A,E,A,C,A,D,B,E,C,C,C,D,,A,C,C,A,A,C
E674,D,D,E,B,A,E,A,E,D,B,D,A,C,,C,C,E,D,A,B,E,A,C,E,D,A,A,C,C,A,A,
E675,A,,,C,D,,D,A,A,D,E,E,C,E,C,D,A,B,A,B,C,,B,A,,,D,C,,,A,D
E676,C,D,D,D,A,D,E,E,D,A,D,A,C,B,C,C,B,A,B,B,A,C,D,C,A,C,E,C,D,A,A,B
E677,E,B,B,D,E,A,D,B,D,A,E,C,C,B,B,C,E,C,E,B,B,A,C,E,D,D,D,C,E,C,A,B
E678,C,A,E,B,A,C,B,,D,A,B,,B,,B,B,E,C,D,B,A,E,C,D,D,C,A,A,D,C,A,
E679,B,,,D,E,,,B,A,D,,,A,,D,C,A,C,D,B,,,D,D,,,A,,,,,B
E680,,E,,C,E,B,E,B,D,D,,,C,,C,C,,D,,B,,C,B,D,D,C,A,C,D,,,
E681,D,E,B,E,E,B,D,A,A,A,B,E,C,D,E,B,D,B,E,E,D,E,E,B,E,E,B,B,E,D,A,E
E682,A,D,D,B,A,C,E,E,D,A,E,A,C,,C,C,D,A,B,B,D,B,D,D,A,C,A,C,B,C,D,A
E683,E,B,,B,E,A,A,,D,D,,,E,C,,A,E,D,A,A,E,B,,,B,,A,,C,C,D,B
E684,D,D,,B,E,D,D,,D,A,D,A,C,D,C,A,D,E,E,B,D,B,A,,D,,D,,C,E,A,D
E685,B,B,E,A,C,E,D,,D,C,D,,C,C,C,C,E,E,C,B,B,C,D,C,B,C,D,C,D,C,A,D
E686,B,D,D,B,A,D,E,E,A,B,D,C,C,E,C,C,E,,,B,D,B,,D,A,C,A,C,,,A,B
E687,D,D,C,B,E,D,E,C,D,E,,,A,C,C,C,D,D,B,B,B,C,C,C,A,E,D,C,D,E,A,B
E688,,C,,B,,,D,,D,E,,,A,,B,D,B,C,A,B,B,,,E,C,,,,,,,
E689,D,D,B,B,E,B,D,A,D,D,C,,C,,A,C,E,D,D,B,D,D,C,,D,C,A,B,A,C,A,D
E690,D,D,C,D,E,E,D,B,D,E,D,D,A,C,B,C,E,E,D,B,A,C,D,D,A,E,D,C,B,B,A,A
E691,D,D,,B,E,,D,,D,C,,,C,,B,D,E,,D,B,,,,,,,A,,D,E,,
E692,D,D,B,B,,,D,,D,D,,,C,,B,A,A,D,,B,C,C,D,D,A,,A,,D,,A,
E693,E,C,C,B,D,A,B,D,A,D,E,A,E,E,B,A,E,C,D,B,B,A,A,C,E,D,B,D,E,D,E,E
E694,B,D,D,A,A,A,E,D,A,D,B,C,C,A,D,D,B,E,D,E,D,A,E,E,D,A,A,B,C,B,B,D
E695,D,E,C,B,C,,D,A,D,B,D,D,A,B,B,C,,C,A,B,E,B,D,D,E,C,B,C,D,B,A,
E696,E,D,E,B,E,E,A,C,A,B,,B,C,D,C,A,E,D,E,B,E,C,E,D,A,,D,C,E,A,A,B
E697,D,D,B,B,E,C,E,C,E,C,B,B,B,A,B,D,B,C,D,D,C,C,E,B,C,C,A,B,B,C,C,C
E698,A,D,D,B,A,,E,E,D,A,D,A,C,C,C,C,E,A,D,B,D,B,D,D,A,C,D,C,C,A,A,A
E699,A,D,D,B,A,E,E,,D,A,D,,A,,C,C,A,D,B,B,B,C,E,D,C,A,D,C,D,A,A,A
E700,A,D,D,B,E,D,E,,D,B,D,,A,D,C,C,D,D,E,B,B,B,D,C,A,,D,E,C,B,A,A
E701,D,C,D,B,A,C,E,E,C,A,B,C,A,A,C,C,E,C,E,B,A,C,C,A,A,A,A,C,B,B,A,D
E702,B,,,B,B,C,E,,D,D,,,C,E,C,C,A,D,E,B,E,D,C,,B,,A,E,D,C,B,B
E703,A,D,,B,A,E,E,E,D,A,,,C,C,C,A,B,D,A,B,C,B,D,,A,,A,C,B,B,A,A
E704,B,D,E,B,A,D,,,C,B,D,D,C,C,C,C,E,A,A,B,,A,D,D,E,C,D,C,D,B,A,A
E705,A,D,D,B,A,A,E,E,D,A,D,E,C,E,D,C,E,D,A,B,C,B,D,D,A,C,D,C,E,A,A,A
E706,D,,C,C,A,E,E,,D,B,E,E,,A,A,E,B,A,D,B,,C,,,C,E,A,B,B,A,C,
E707,D,A,D,B,E,D,E,E,D,C,E,C,C,D,C,C,A,A,B,B,B,B,C,C,A,C,A,C,D,C,B,A
E708,C,D,D,B,A,E,E,E,D,A,D,,C,D,D,C,E,D,B,B,B,B,D,D,A,C,D,C,E,B,A,D
E709,B,B,E,C,D,D,E,C,D,C,C,A,E,E,B,C,E,E,D,A,B,B,D,D,C,C,D,B,D,E,D,E
E710,E,D,,C,A,,D,,D,A,,,,,,A,E,C,,B,,,,,D,,A,,D,,A,
E711,A,B,D,B,E,D,E,C,D,A,D,C,E,,C,C,E,D,B,B,E,C,A,C,A,C,A,C,C,B,A,
E712,A,D,D,E,A,E,E,E,D,A,D,D,C,C,C,C,E,D,B,B,D,B,D,A,A,C,D,C,B,A,A,A
E713,,D,C,B,E,D,E,B,D,A,E,C,C,A,A,A,A,D,,B,B,C,D,A,A,A,A,B,B,B,A,A
E714,A,D,D,A,E,A,E,E,D,A,D,C,C,D,D,C,E,C,E,B,C,B,D,D,C,A,D,C,C,C,A,D
E715,D,D,,E,,A,A,A,C,E,B,A,A,,B,D,E,E,C,B,E,C,C,D,,E,A,D,D,E,D,
E716,,D,,,,,,,D,D,,,,A,A,C,E,B,,,B,B,,,,,A,,,,,
E717,A,B,,A,D,C,E,C,A,D,D,,D,D,D,C,B,D,D,B,C,C,C,,D,,A,B,B,B,E,C
E718,D,D,C,E,E,D,E,C,D,B,D,D,C,D,C,C,E,D,E,B,D,B,B,C,A,C,D,C,A,B,A,D
E719,D,D,,B,C,D,E,,D,E,,,C,,C,B,A,A,D,B,E,B,D,A,D,,A,A,C,,A,A
E720,B,,,A,E,,A,B,D,D,,,,,,B,E,D,,B,,,C,,D,,D,B,C,,A,
E721,,D,,A,A,D,E,E,D,D,,,C,,B,C,E,E,D,B,,B,D,,,,D,C,C,A,A,B
E722,B,D,D,B,E,E,E,D,D,A,,,C,,C,A,,D,A,B,B,B,D,B,A,,D,C,E,,A,
E723,D,D,E,B,C,D,E,A,D,D,C,E,A,C,C,D,E,E,E,B,D,B,D,A,A,C,A,C,B,B,A,A
E724,D,E,D,E,E,B,C,E,D,C,E,A,B,E,D,C,E,C,A,B,A,A,E,D,A,D,A,A,D,A,A,E
E725,C,,,A,,,B,,C,B,D,,D,,C,A,A,,D,B,,E,,,,,A,,D,,E,
E726,,,,,,,,,C,C,D,,,C,B,C,B,C,,B,,,,,A,,D,,A,,D,
E727,A,,E,A,A,C,E,A,D,D,,,A,C,B,A,B,E,D,B,B,E,B,,B,B,E,C,C,C,B,B
E728,,D,C,B,E,,A,E,D,A,D,A,B,,C,C,E,D,D,B,C,B,D,C,,C,A,,,,,A
E729,D,,,B,C,,D,B,D,A,A,,B,E,A,C,E,E,A,B,A,E,A,E,A,,A,C,B,,A,
E730,D,A,,,E,E,D,D,D,D,,,E,,C,A,B,E,A,B,A,B,E,E,E,,A,B,D,E,C,B
E731,D,D,D,B,A,D,E,B,D,A,D,C,C,C,C,A,A,A,B,B,B,B,C,E,A,E,D,C,C,B,A,A
E732,,D,,,E,A,D,,D,C,,,,,B,A,A,,,,,C,,,,,D,,D,,E,
E733,,D,D,,E,,A,,D,B,C,,C,A,D,B,A,E,B,D,D,B,D,,,,,C,D,C,D,E
E734,D,D,,B,A,D,D,A,D,D,E,C,C,,D,C,E,C,E,B,E,B,B,,A,A,A,,A,C,D,D
E735,A,E,D,B,E,D,E,,D,A,D,A,E,D,C,C,A,D,B,B,,A,A,C,A,A,D,C,D,A,A,A
E736,A,D,E,B,E,,D,,D,B,D,A,C,,C,C,,D,B,B,E,B,E,D,A,A,D,C,D,A,A,B
E737,,D,,B,A,C,D,,A,A,,,C,C,C,A,E,B,D,B,B,,B,,,,B,,,,A,A
E738,,,D,B,B,D,C,A,D,B,,B,E,A,A,B,C,A,,E,C,D,C,,,,A,D,A,B,B,C
E739,D,D,D,B,A,D,E,E,D,A,B,D,A,A,C,A,E,E,A,B,D,B,D,E,A,A,E,C,B,A,A,A
E740,A,D,D,B,A,B,D,E,D,A,D,,A,B,C,A,,,D,B,D,A,D,,A,A,A,C,D,B,A,
E741,A,D,D,B,A,,E,E,D,C,D,D,C,C,C,C,B,D,B,B,C,B,D,D,A,A,D,C,D,A,A,A
E742,B,D,,,A,,A,B,D,A,,,A,,A,A,E,B,D,B,B,E,B,C,D,B,E,B,E,,B,B
E743,B,E,C,C,E,D,A,,A,D,B,E,D,C,B,A,A,E,A,A,B,E,C,C,E,,C,C,C,B,C,A
E744,A,B,,A,A,D,D,B,D,A,,E,C,,C,C,E,E,B,B,C,B,D,D,A,C,A,,D,B,B,A
E745,A,C,,C,A,D,D,A,D,C,E,,A,,B,B,E,B,D,B,C,,B,,C,,A,,D,,A,C
E746,D,C,D,A,A,E,E,A,D,A,D,,C,E,C,C,B,E,B,B,D,B,D,D,A,A,A,C,D,C,D,A
E747,,D,D,B,A,E,E,E,D,B,D,,C,C,C,C,,D,B,B,D,B,D,,A,A,D,C,E,C,A,A
E748,E,C,D,B,C,C,D,E,D,A,D,D,C,,C,C,E,A,E,B,E,B,D,D,A,C,B,C,E,E,A,A
E749,A,D,E,B,E,D,E,C,D,A,D,,A,,C,A,E,E,E,B,D,A,A,C,A,A,A,A,A,B,A,C
E750,D,D,D,B,A,D,E,A,D,A,D,A,B,C,B,C,E,A,D,B,A,B,A,D,A,A,D,B,D,B,A,B
E751,A,D,D,B,E,C,B,E,D,B,D,B,D,E,C,B,A,D,B,B,D,B,D,A,A,C,A,D,B,E,A,D
E752,D,B,A,,A,B,A,D,D,D,,D,B,,C,E,,A,,,A,B,,,,,D,B,D,,D,E
E753,D,D,B,A,E,A,E,,D,A,E,E,A,,D,C,E,C,,B,A,A,A,,A,,D,B,B,C,A,C
E754,A,D,B,A,E,B,E,,D,A,D,A,C,B,D,C,E,E,E,B,E,A,D,,D,C,A,C,E,A,A,
E755,A,D,D,B,A,C,E,E,D,B,D,C,C,C,C,D,A,D,B,B,B,B,A,D,A,C,A,C,C,B,A,A
E756,A,B,C,A,E,E,E,E,D,D,D,D,C,A,C,C,B,C,A,B,E,B,D,D,A,C,D,C,D,C,A,B
E757,,D,D,B,A,C,,E,D,A,D,C,D,C,C,C,E,,E,B,E,B,C,D,,C,D,C,C,A,A,D
E758,C,E,D,B,E,B,A,E,D,C,A,B,B,C,C,C,E,B,C,B,C,D,D,E,D,E,E,E,C,D,E,C
E759,,E,,B,E,A,E,,D,D,D,,C,,C,C,C,C,D,B,E,C,C,,A,,A,,E,A,B,C
E760,D,D,D,,E,A,D,A,D,C,D,A,A,,B,C,E,D,A,B,E,,C,,E,A,A,B,A,C,E,C
E761,B,C,B,C,E,,B,E,D,D,E,,B,D,A,B,E,D,D,B,E,E,B,A,,,C,B,D,C,E,B
E762,C,B,,B,A,D,E,B,D,B,,B,C,,C,B,A,D,C,B,E,C,A,D,D,,A,C,,B,A,D
E763,D,D,C,E,E,B,A,,D,A,,,C,,C,C,A,E,A,B,B,B,A,E,B,,A,,D,B,,B
E764,B,C,D,B,E,C,E,B,D,A,,,C,,C,A,A,A,B,B,E,B,E,D,A,C,A,C,D,,D,D
E765,D,C,D,B,A,B,E,,D,A,D,A,A,,C,C,C,D,E,B,D,,D,,A,A,A,C,C,,E,B
E766,,D,,A,D,A,B,A,D,A,,D,E,,B,A,E,C,,B,,,A,,A,,A,,E,,C,
E767,A,D,E,C,E,B,D,A,D,A,B,B,C,C,B,C,E,,A,C,,C,,C,,D,D,E,E,D,A,B
E768,B,D,,A,A,A,A,,D,A,,,C,,C,C,E,E,A,B,D,B,B,D,A,,A,,C,E,A,D
E769,D,B,E,B,E,D,E,E,D,D,E,A,C,D,C,C,E,E,C,B,D,B,D,A,C,C,A,D,A,E,A,C
E770,D,D,,B,A,B,E,E,A,A,D,,,C,C,D,,B,D,B,C,,,A,A,,B,D,D,B,A,
E771,D,E,D,B,A,D,E,E,D,A,D,C,C,D,C,A,A,D,E,B,E,B,D,D,A,C,D,C,E,B,A,A
E772,D,D,,A,,D,D,B,D,D,D,A,,,,C,E,,,B,,A,B,D,E,C,A,,D,E,,
E773,B,C,C,C,E,A,B,B,D,B,D,C,A,A,A,D,A,B,E,B,B,B,D,C,E,C,A,C,E,B,E,A
E774,A,D,C,B,E,C,E,C,D,D,B,C,C,,C,C,E,D,B,B,B,B,D,E,E,C,D,C,C,E,A,A
E775,B,A,E,C,E,A,A,E,D,C,E,E,E,A,B,B,E,D,D,E,C,C,E,A,A,,A,B,E,B,E,C
E776,C,A,,B,E,,E,D,D,D,D,,A,D,C,C,,,,B,D,A,A,D,A,,A,B,A,B,A,
E777,E,D,C,C,A,C,D,C,D,D,D,B,C,A,C,C,B,D,A,B,D,C,C,C,B,C,D,C,D,E,B,E
E778,A,C,,B,E,D,D,,D,D,,B,C,C,D,C,E,D,D,B,B,E,D,,C,D,D,,A,B,C,C
E779,B,D,E,B,A,A,D,B,D,E,D,C,D,E,B,C,E,E,B,B,E,A,D,D,C,A,B,B,B,C,A,C
E780,B,A,,B,A,E,D,B,D,A,,,C,,C,C,D,D,,B,E,,,,A,,D,,A,B,C,
E781,A,D,E,D,A,D,A,A,A,A,C,,B,B,C,A,D,C,A,B,,A,B,E,A,A,D,B,D,E,A,A
E782,,D,E,B,E,D,D,E,D,A,D,B,D,C,C,A,E,D,B,B,,C,D,,C,B,A,B,,C,A,B
E783,A,B,,B,D,A,B,E,D,D,,,,A,C,A,,C,,B,A,,C,,A,,A,E,D,E,C,C
E784,D,D,C,A,E,D,D,C,A,D,E,C,E,A,B,B,A,E,E,B,B,E,D,D,D,D,C,B,D,D,A,B
E785,,D,D,B,A,,,E,D,A,D,,C,C,C,C,A,,B,B,,B,D,D,A,A,D,B,,,A,D
E786,B,D,C,E,E,C,D,B,D,A,D,A,C,A,C,C,A,E,D,B,A,B,C,D,C,C,A,E,C,C,A,B
E787,D,D,E,E,E,C,D,,D,A,,,C,A,C,C,E,D,D,B,B,C,D,D,A,D,A,C,D,C,A,A
E788,B,D,D,,D,,D,,D,E,,,,,A,D,,C,D,,B,,,,,,C,,C,A,A,C
E789,E,B,E,C,E,A,E,B,D,D,,,,,,B,A,D,,B,E,B,D,B,B,,D,A,D,A,D,B
E790,A,D,,B,E,A,E,E,D,A,D,D,D,,B,C,E,C,D,B,E,C,D,D,A,A,,B,B,,A,
E791,A,D,D,B,C,A,E,E,D,A,D,A,D,D,A,C,E,A,D,B,C,C,D,D,A,C,A,C,C,B,A,C
E792,A,D,D,B,A,,E,E,D,A,D,C,C,C,C,C,A,B,E,B,B,B,D,D,A,C,D,C,C,B,A,A
E793,A,A,,C,E,C,E,,D,E,C,,C,,A,A,B,D,B,,,D,D,,D,,A,B,D,,A,D
E794,B,C,,E,E,B,A,,C,D,C,,A,A,B,D,B,D,D,B,A,A,A,B,,,A,,A,A,D,C
E795,,,C,A,E,C,E,B,D,,,,A,,C,B,E,A,,B,,,,,C,A,,,,D,,
E796,B,,C,E,,,E,,,D,,,C,,C,D,,D,,B,E,,A,D,,A,A,A,D,,,
E797,A,D,D,B,A,D,A,C,D,B,D,A,C,C,C,C,D,D,,B,,B,C,D,A,A,A,C,B,B,A,A
E798,E,D,E,E,A,B,A,,D,B,D,,B,,C,C,B,E,C,B,,C,C,,B,,B,,C,B,A,E
E799,C,D,E,A,A,D,A,A,D,D,D,,C,,E,A,E,E,D,A,A,B,A,,,,A,,E,,A,
E800,D,,,,,,B,,D,C,E,,,,B,,E,C,,D,E,,B,D,A,,,,,,C,A
E801,C,D,E,B,E,C,E,A,D,A,D,C,A,C,C,C,A,D,D,B,D,E,D,,A,C,A,C,C,B,A,A
E802,A,D,C,B,A,D,E,E,C,B,D,C,C,C,C,A,A,D,E,B,C,B,D,D,A,A,D,C,C,A,A,A
E803,B,D,D,B,E,C,E,C,D,B,E,,A,,C,D,B,D,D,B,D,B,D,A,A,D,A,B,D,B,E,C
E804,,,C,B,E,,E,,D,D,B,A,C,,C,D,D,A,D,B,E,B,C,A,D,D,B,,D,B,D,C
E805,A,D,D,B,A,D,D,A,D,A,D,C,C,C,C,C,E,A,E,B,C,B,,D,A,C,A,C,C,C,A,D
E806,B,C,C,C,E,D,E,C,A,D,E,C,C,B,C,C,E,C,D,B,D,B,D,E,E,A,B,E,B,E,A,A
E807,A,D,D,B,A,E,E,E,D,A,D,,C,C,C,A,E,A,B,B,C,B,D,D,A,A,D,C,B,D,A,A
E808,A,D,,E,A,A,E,,D,D,D,,A,,C,C,E,B,,B,D,B,D,,D,,D,C,D,,A,
E809,D,D,C,C,A,,A,B,C,D,D,C,,,A,B,E,D,,C,,C,D,E,A,C,A,B,B,,E,
E810,D,D,E,B,A,A,E,A,D,A,E,,A,,C,A,B,A,D,B,E,C,C,C,A,B,A,C,E,E,C,D
E811,A,C,,D,E,,D,C,D,E,E,B,C,,C,A,E,C,D,,D,,A,A,,A,B,,,D,E,C
E812,B,E,E,A,E,A,D,D,D,B,E,B,C,,D,B,E,C,D,,C,B,D,,A,E,C,C,A,B,D,C
E813,D,,,,,D,E,,D,D,D,A,,,D,D,A,B,,B,E,C,,A,A,D,A,B,D,,A,D
E814,B,D,C,E,C,B,D,B,D,D,D,D,E,,C,A,E,B,C,B,B,B,D,D,A,D,A,C,B,B,A,D
E815,D,D,D,A,A,D,E,,D,A,D,E,B,,A,B,B,A,B,B,B,B,D,A,E,A,A,C,B,C,B,C
E816,D,D,,B,A,C,E,C,D,A,,D,C,C,E,C,E,D,,B,E,B,D,A,A,,D,C,B,C,D,D
E817,D,D,D,D,A,A,D,E,A,A,D,C,A,C,B,C,D,E,C,B,D,B,D,C,D,E,E,C,C,A,A,
E818,B,D,D,,A,A,A,,D,A,D,,C,D,A,B,E,B,,B,,C,,A,D,,A,C,D,A,B,E
E819,D,D,A,A,C,,C,B,B,E,D,,A,A,B,A,E,,C,,A,E,D,C,C,,,A,,B,C,
E820,C,D,E,E,E,A,E,B,D,A,D,,E,C,C,A,E,D,C,B,A,C,,,B,A,E,C,E,B,A,C
E821,,D,D,D,E,A,B,E,D,B,D,A,C,,C,A,E,E,E,B,D,,E,D,A,D,A,C,C,B,A,C
E822,D,D,B,B,D,D,D,A,D,A,B,D,C,B,B,B,E,D,A,B,D,C,C,C,C,A,A,C,D,C,E,D
E823,A,B,,B,E,,A,,D,A,,,C,,B,C,E,D,D,B,D,,D,,,,D,,C,,A,C
E824,D,D,D,B,A,D,E,E,D,C,D,E,C,C,B,C,E,D,D,B,D,B,D,D,A,C,D,C,B,A,A,C
E825,A,A,,E,A,D,E,,D,D,,C,A,,C,A,D,,D,B,E,,D,,A,,A,A,D,,,A
E826,B,B,D,C,E,,A,A,D,C,D,,C,B,B,D,B,C,,B,B,B,C,D,E,B,A,C,B,D,A,
E827,D,B,B,B,C,B,E,C,C,A,E,A,C,D,D,D,E,C,A,,C,E,C,E,A,E,B,B,D,C,D,E
E828,C,D,B,E,E,C,E,C,D,D,D,B,,,C,A,E,B,,B,,C,,D,,C,D,B,,,,
E829,B,C,C,B,C,D,D,A,D,A,D,A,B,B,C,A,E,D,D,B,D,C,C,B,A,E,A,B,C,C,A,A
E830,C,B,,E,E,B,D,,D,A,,,E,,C,C,E,B,D,B,,B,E,,,,A,,,B,E,E
E831,C,D,D,B,A,E,E,E,D,E,D,D,C,,C,A,A,D,C,B,D,B,D,C,A,C,D,C,,A,A,C
E832,C,D,,B,E,B,B,,D,C,,,D,,C,A,B,E,B,B,,C,A,A,A,C,A,,C,,A,A
E833,B,C,,B,E,E,E,,D,A,,,A,,C,C,A,C,A,B,E,C,D,D,A,,A,C,C,,A,A
E834,A,C,,B,C,D,A,,D,B,D,C,B,,D,C,C,A,,B,D,,D,D,A,C,D,B,,,,
E835,A,C,C,D,B,A,B,A,,A,C,,,,,B,E,E,,B,B,D,A,,,E,D,C,A,C,C,C
E836,C,D,,,E,,D,D,D,C,E,B,A,,B,D,B,A,C,B,E,C,C,E,C,,E,,B,,C,C
E837,B,C,E,B,E,A,E,E,D,A,C,E,C,C,B,C,C,D,D,B,E,A,C,E,C,D,D,D,E,E,A,B
E838,C,D,C,A,E,,E,E,D,A,D,C,C,C,B,C,E,E,D,B,E,B,D,D,,C,A,C,C,A,A,C
E839,A,D,D,B,A,C,E,A,D,A,D,,A,C,C,C,E,D,B,B,D,B,D,D,C,A,A,C,B,A,A,D
E840,B,A,E,B,B,A,A,E,B,A,E,D,C,D,E,E,B,E,A,C,E,B,A,E,D,D,E,B,A,E,C,A
E841,C,E,C,A,E,,A,B,D,D,,,A,C,C,A,E,A,D,B,A,,C,B,,,A,,A,C,C,
E842,B,C,E,A,A,C,D,,D,C,C,C,C,C,B,C,E,E,C,B,A,A,D,C,A,D,A,C,D,E,D,B
E843,A,B,C,B,A,D,E,C,D,D,,A,A,C,C,D,A,E,E,B,D,B,D,D,A,,A,B,C,E,D,D
E844,,D,,,E,A,D,,D,B,C,,A,,C,D,B,A,A,D,D,D,B,,,,E,,D,E,B,C
E845,,,,,,,E,,,,,,,,,,,B,,,,,C,,,,A,,,,,
E846,C,D,,A,E,D,D,E,D,A,C,D,A,D,C,C,D,B,B,B,D,B,B,D,D,D,B,A,C,A,E,C
E847,,D,,B,,,E,,D,A,D,,C,C,C,C,A,E,,B,E,,,,A,A,A,C,C,,A,A
E848,A,D,,B,E,C,B,,D,D,,B,C,C,C,A,C,C,C,B,E,,D,D,C,,A,C,D,,A,C
E849,A,D,E,A,E,C,D,B,D,D,,A,C,C,C,C,A,D,B,B,D,B,D,D,A,A,E,D,D,B,A,B
E850,D,,,B,A,D,E,E,D,D,,C,A,,C,C,A,B,B,B,B,B,D,D,A,C,A,D,B,C,A,A
E851,B,D,C,A,E,B,E,E,D,B,C,C,E,A,B,C,E,E,B,B,C,B,C,C,E,D,A,B,D,C,A,A
E852,C,D,D,B,A,C,A,C,D,D,D,B,E,B,C,C,E,A,C,B,C,B,D,D,A,D,A,C,C,B,A,A
E853,D,D,E,E,A,C,E,B,D,B,E,C,C,C,C,C,A,B,B,B,C,D,E,A,A,A,E,C,E,A,A,A
E854,C,B,D,B,E,C,D,C,D,A,D,D,C,C,A,C,E,D,A,B,,B,D,D,A,C,A,C,C,B,A,C
E855,A,,,,,A,A,B,D,D,,,C,,B,B,,A,A,,,,B,,,,B,,B,D,,
E856,A,A,E,B,E,E,E,C,D,A,E,A,E,D,A,A,E,B,E,B,B,E,C,E,B,E,A,C,D,B,A,C
E857,D,A,C,A,E,D,E,D,D,E,,,A,,B,D,E,D,,B,A,C,B,E,,C,C,E,,,,
E858,A,D,C,B,E,D,E,E,D,A,D,A,A,C,C,A,E,D,E,B,C,B,D,D,A,C,A,C,B,A,B,A
E859,A,E,E,D,D,D,A,B,C,D,A,B,A,A,A,E,E,A,B,A,A,B,B,A,D,A,A,C,D,D,C,C
E860,B,D,E,A,E,D,E,,D,B,B,D,A,,C,A,E,E,A,B,B,B,A,D,A,B,D,D,D,B,A,C
E861,B,D,B,C,,,B,,C,A,D,E,A,C,C,A,E,C,B,B,C,C,B,C,D,A,D,,D,,A,E
E862,B,A,,E,A,A,A,B,D,D,B,C,A,E,A,C,E,A,D,B,,C,D,C,E,,A,B,A,,C,B
E863,A,D,D,E,C,D,D,B,D,A,D,C,C,A,B,C,E,B,B,B,E,B,A,A,A,A,D,C,D,A,A,A
E864,D,D,D,C,,C,A,,D,A,B,,E,E,B,A,E,E,D,B,D,B,C,A,D,,A,D,B,A,A,
E865,D,A,A,C,E,A,D,D,D,B,E,,B,,A,D,B,D,,A,B,D,B,A,,,A,,D,B,C,B
E866,B,,E,,,,B,B,D,D,C,C,B,B,A,E,B,C,,B,E,B,A,C,B,D,C,,A,C,B,B
E867,D,D,D,A,A,D,D,A,D,A,D,B,C,A,C,C,B,E,D,B,D,B,B,D,A,A,D,B,B,B,A,C
E868,,D,E,B,C,A,E,B,D,A,D,,D,,C,A,A,D,,B,E,D,D,A,B,A,A,C,B,D,A,A
E869,A,C,E,C,E,A,C,B,D,A,E,A,D,D,B,D,E,D,D,A,C,C,C,B,C,B,D,E,E,C,E,B
E870,,C,C,A,D,D,D,E,D,A,D,C,C,,C,C,E,A,A,B,,C,D,A,A,,A,C,D,,A,
E871,A,,E,E,,,,E,D,C,,,C,D,D,,E,D,,D,A,,,,A,,,E,,,,
E872,A,A,D,B,E,B,E,B,D,A,D,B,A,C,C,A,A,A,E,B,A,C,D,A,D,A,A,C,A,C,A,A
E873,D,D,C,B,A,C,A,B,D,B,D,C,A,,C,A,E,D,A,B,E,B,,B,A,B,A,B,A,A,A,A
E874,A,D,D,B,A,C,E,E,D,A,D,C,E,A,D,A,E,A,E,B,D,C,D,D,A,A,D,C,C,E,A,
E875,A,,B,C,A,A,E,,D,B,,,C,,D,A,C,C,E,,A,B,C,,,,,,A,C,C,A
E876,B,A,D,A,A,A,D,C,D,D,D,C,C,,,D,E,E,,D,,,B,D,,,B,,B,B,,D
E877,,D,,,,D,,,D,B,C,,,,C,C,D,A,,B,,C,,D,,,B,C,E,,C,
E878,E,D,C,C,E,B,B,E,C,D,E,B,D,E,B,D,A,E,D,B,A,C,,D,E,E,A,E,C,B,A,C
E879,A,D,,B,E,D,E,A,D,A,,,C,,C,C,A,D,A,B,D,B,,A,D,,D,C,C,,A,A
E880,D,D,,B,A,D,E,,D,B,,,C,C,C,A,A,D,B,B,B,B,E,,D,,D,C,E,,A,D
E881,D,D,D,B,A,D,E,,D,,D,C,,,C,C,E,D,D,B,C,B,,,A,A,D,C,C,B,A,A
E882,D,D,D,B,A,D,E,C,D,A,D,C,C,C,C,C,A,D,E,B,C,B,D,B,A,C,A,C,C,E,A,A
E883,D,D,E,C,E,A,D,E,D,B,E,C,E,C,E,A,C,D,B,B,B,C,A,B,E,B,A,B,D,B,E,C
E884,B,D,D,,E,C,D,,D,A,C,A,,,C,D,B,,,B,,B,,D,A,C,,C,,,,
E885,C,D,C,B,E,C,D,D,D,A,,,E,A,C,C,A,D,E,B,C,B,D,E,A,C,B,B,,B,A,A
E886,A,D,,B,,,D,A,D,,,,C,B,C,A,D,D,E,B,C,B,D,,A,,D,C,D,B,A,A
E887,D,,,C,,,,E,D,B,,,E,A,D,D,E,D,D,B,E,,D,B,A,,A,D,D,,,C
E888,A,C,B,B,A,E,A,B,A,E,C,B,C,C,B,E,C,C,C,B,B,E,A,B,B,,C,A,B,D,C,D
E889,A,D,D,B,A,D,E,E,D,A,D,D,A,,,C,,A,,B,D,,D,D,A,D,D,C,C,A,A,
E890,,D,E,B,E,C,D,,D,B,D,,A,D,C,C,E,A,B,B,D,C,D,,A,,E,C,D,B,A,C
E891,A,B,C,A,E,D,D,A,C,D,D,E,B,,C,D,E,C,,B,A,D,D,D,A,C,A,B,A,E,A,C
E892,A,A,,,E,A,A,B,D,D,B,,,,B,D,C,C,,D,D,,A,,,,E,,A,A,C,B
E893,,,,,B,A,,,D,,,,E,C,,,,D,C,E,E,D,D,,,,A,,D,D,E,B
E894,D,A,D,B,E,C,D,A,C,C,E,B,D,C,A,D,E,A,D,B,B,C,B,A,A,D,D,C,A,D,E,B
E895,,,C,,E,,E,E,D,A,C,,B,D,,B,,E,D,B,C,A,B,C,E,B,A,C,A,,B,C
E896,A,,C,B,E,,E,,D,A,,,E,,A,C,E,D,D,B,D,B,E,,D,C,D,,C,B,E,C
E897,,E,,A,A,A,A,A,D,A,D,E,A,B,D,A,C,,D,B,B,C,A,C,A,E,A,C,E,C,E,
E898,C,B,,A,A,A,D,,D,A,E,,C,,C,B,A,C,,D,E,B,B,E,,,A,,B,,A,
E899,,D,,A,,,E,,D,D,E,B,,,,C,D,A,,B,,,E,,,,C,,A,,B,
E900,A,D,D,B,E,E,E,A,D,A,D,E,C,C,C,C,A,B,C,B,C,B,A,C,A,A,D,C,B,B,A,D
E901,D,D,D,A,E,D,D,C,D,D,D,C,A,D,A,C,A,E,D,B,C,C,D,D,E,C,A,C,B,B,A,
E902,D,D,E,E,E,D,A,D,D,D,,,C,D,C,D,E,E,D,B,D,A,B,A,D,B,D,B,D,A,A,C
E903,D,D,,E,D,D,D,B,D,D,,A,C,,D,D,A,E,D,C,E,C,,A,B,,D,,A,B,D,B
E904,D,,,C,A,E,A,,C,A,,,C,A,B,C,E,C,D,B,A,C,,,A,,A,E,D,,E,C
E905,B,,,B,A,,D,,D,E,,,,,,A,D,D,,B,C,E,C,D,D,,E,,B,,A,
E906,E,D,D,B,A,D,E,E,D,A,E,,,C,C,,E,D,B,B,E,B,D,E,A,C,A,C,C,A,A,A
E907,C,D,D,B,A,D,E,B,D,A,D,A,C,A,C,A,E,D,B,B,A,E,D,A,C,C,A,C,D,C,A,A
E908,D,D,,C,A,E,B,B,D,A,E,,C,C,C,D,B,E,C,B,D,C,D,C,E,A,A,B,D,E,A,C
E909,,,B,,E,,A,,D,D,,,A,,D,B,B,E,,B,B,E,,,,,,,,C,,
E910,A,B,D,B,A,D,E,E,C,D,,C,C,,C,A,A,D,E,B,A,B,D,C,A,C,D,C,D,D,E,A
E911,,D,,,,,,,D,E,D,,,,,D,,A,,B,,,,,,A,,,D,,,
E912,B,A,E,A,E,D,E,B,D,C,E,,A,A,C,D,B,D,,B,E,B,B,D,A,A,A,,E,,A,D
E913,D,D,D,A,D,D,E,B,D,C,D,E,A,E,A,A,A,C,D,B,B,B,D,A,A,D,D,A,C,C,A,C
E914,E,B,C,B,A,E,D,E,D,A,D,C,,C,C,B,B,B,D,B,,D,D,A,A,D,A,D,D,,A,
E915,C,D,B,A,A,D,E,E,D,B,D,C,C,C,A,A,E,D,A,B,D,B,B,C,A,C,A,C,C,B,A,D
E916,,E,D,B,A,D,D,,D,A,C,,C,,C,C,D,B,B,B,E,B,D,E,A,,A,,,B,A,B
E917,E,B,,E,E,D,,,D,A,,,D,,B,A,E,D,D,B,C,,D,A,D,,A,B,,A,E,B
E918,A,A,,B,A,D,E,,D,D,,,D,D,B,A,E,D,E,B,,B,D,D,C,,A,,D,C,A,A
E919,D,D,,B,,,D,,D,B,D,,A,C,C,C,A,C,D,B,C,B,E,,A,,E,C,,,A,C
E920,E,C,,C,,,E,A,D,D,E,B,E,C,E,A,C,C,,D,E,D,B,,,B,A,E,A,D,C,A
E921,C,D,D,A,C,C,B,E,C,A,D,A,C,C,C,A,E,,B,B,C,E,A,D,A,D,A,C,,,A,D
E922,C,B,E,A,A,D,E,,D,D,,C,B,A,B,C,E,E,D,B,C,,D,E,A,,A,E,,,A,D
E923,B,D,,B,A,D,A,A,D,C,,A,A,,B,C,E,C,B,B,A,,D,C,A,,A,E,,A,A,
E924,D,D,D,B,A,D,D,E,D,B,D,A,C,D,C,C,D,D,A,B,D,B,A,D,A,A,A,C,D,A,E,A
E925,A,,,B,A,,E,E,D,A,,,,C,C,D,,D,B,B,,,,,A,,A,C,,,,A
E926,E,,D,B,E,D,E,B,C,D,D,C,C,C,C,C,A,B,E,B,B,B,,D,A,C,D,B,A,C,A,A
E927,D,B,E,E,C,A,E,B,D,D,D,C,C,A,D,D,E,C,E,B,B,C,E,D,B,B,D,A,A,A,B,C
E928,A,D,C,B,E,C,E,A,D,A,B,D,A,D,C,C,A,D,B,B,A,B,D,D,C,C,D,C,B,B,A,D
E929,,,,,E,D,,,D,D,,,,A,B,B,D,D,B,B,E,E,C,,,,,,,B,A,D
E930,D,D,D,B,A,D,D,E,D,A,D,C,C,E,C,D,E,A,C,B,D,B,D,D,A,C,D,C,B,B,A,C
E931,A,D,D,B,A,D,E,B,D,A,D,A,C,C,C,C,A,D,B,B,D,B,D,D,A,A,D,C,E,A,A,A
E932,D,D,C,B,E,D,D,E,D,D,D,C,C,D,C,C,E,D,A,B,D,B,D,A,A,C,A,C,B,B,A,D
E933,D,D,C,B,,D,E,A,D,C,D,C,E,,D,C,E,C,D,B,E,C,E,,,C,A,C,D,C,E,B
E934,B,D,D,B,E,C,E,A,D,A,D,A,C,C,D,C,A,A,,B,D,D,D,D,A,C,A,C,C,B,D,A
E935,A,D,B,C,A,A,E,A,D,B,D,C,B,,C,C,E,D,D,B,E,C,D,D,D,C,A,D,D,D,A,E
E936,,D,D,,E,C,E,,D,D,B,C,,,B,D,,D,B,B,D,C,,E,A,,B,,D,C,B,
E937,A,A,,B,E,D,,,D,A,D,,A,,C,,A,D,D,C,D,B,A,,A,,A,,,B,A,A
E938,A,D,D,B,A,C,E,,C,A,D,E,C,D,C,D,E,D,E,B,D,B,D,D,A,C,D,C,C,A,A,A
E939,D,A,,,C,A,D,C,D,B,,,,,C,D,C,C,,A,E,E,B,A,,,D,B,C,D,B,B
E940,B,E,,B,E,,D,C,D,D,,,A,A,E,B,E,B,,,,B,,,,,,E,D,,E,B
E941,A,D,D,B,A,A,E,A,D,A,D,C,C,B,C,C,A,B,B,B,D,A,D,D,A,A,D,C,B,B,A,A
E942,A,A,E,B,A,E,D,B,D,D,B,C,E,,C,C,E,C,E,B,E,A,D,A,E,E,A,D,B,C,E,A
E943,D,D,C,B,A,A,D,B,D,D,D,B,E,,B,C,B,E,A,B,E,C,C,C,C,A,D,B,B,,C,A
E944,A,D,C,B,E,E,E,E,D,A,C,,C,D,C,C,E,D,D,B,E,B,D,,A,C,D,C,B,C,A,A
E945,D,A,B,,E,A,E,B,D,D,E,E,,E,A,A,A,D,D,,E,C,,E,C,B,A,A,D,D,D,E
E946,E,C,C,C,C,D,E,C,D,C,,,D,C,B,C,A,C,C,C,D,C,E,C,E,D,D,C,E,D,C,B
E947,A,A,,,C,C,B,,D,A,,,A,B,C,C,A,E,D,B,E,B,D,,,,A,C,D,C,A,
E948,A,B,,B,A,B,A,,D,C,,,E,D,D,D,E,B,E,D,,,,C,C,,B,,B,E,C,
E949,D,A,B,,E,,D,D,D,D,E,,B,A,,E,B,A,,,,B,,C,,,D,,C,C,A,C
E950,B,D,E,C,A,A,B,A,D,D,C,B,,,,D,,B,D,,E,C,,C,,C,D,B,,C,,C
E951,D,D,,B,E,A,E,B,D,D,,,C,D,C,D,E,B,C,B,B,C,B,,E,,A,C,E,B,A,B
E952,D,D,D,A,E,E,E,B,D,D,D,B,A,A,B,C,E,E,B,B,A,B,B,,D,E,A,C,A,E,E,C
E953,B,C,,E,E,,A,D,D,A,,,C,,B,C,E,B,,B,B,,E,,C,,A,,,,C,
E954,A,C,,A,A,A,B,,D,D,D,,E,,C,B,E,C,,B,E,B,D,,,,A,C,,,A,D
E955,D,D,C,E,E,D,D,C,D,B,E,A,A,E,C,C,E,A,C,D,E,C,D,D,A,C,A,A,C,E,A,D
E956,,D,,C,A,C,D,,D,C,D,,,,B,C,E,D,,,,B,,,,C,B,,,,,
E957,D,A,D,B,B,D,B,A,C,D,,E,E,B,D,E,D,D,D,B,A,A,D,A,E,A,A,B,D,D,D,A
E958,B,D,E,,,E,,,D,D,D,B,C,D,D,A,E,D,D,B,E,E,E,C,E,C,A,C,D,E,B,D
E959,B,D,D,A,E,A,E,A,D,A,E,D,B,B,D,C,E,C,A,B,E,E,D,C,A,A,A,C,C,B,A,B
E960,A,C,D,C,A,B,A,A,C,D,E,B,A,C,D,D,A,C,D,B,A,A,D,E,A,C,A,A,D,C,B,D
E961,B,D,C,D,E,E,A,C,C,D,E,C,C,D,C,B,E,A,E,D,C,A,D,C,D,A,A,A,A,B,D,A
E962,C,E,C,A,E,,D,B,D,,B,,C,A,E,D,A,E,D,A,B,E,B,E,,,B,B,D,C,A,
E963,A,D,D,C,E,D,A,E,D,A,D,D,C,,C,C,B,B,D,B,E,B,D,C,A,A,D,C,B,B,A,
E964,A,C,,A,E,D,E,C,D,A,D,A,A,C,C,C,E,D,D,B,D,B,,,A,A,D,C,B,,A,A
E965,D,D,D,B,A,D,E,B,D,A,D,,C,C,C,C,E,D,E,B,E,C,D,A,B,C,A,C,B,C,A,B
E966,E,A,,A,C,D,E,,D,B,,,E,,C,A,D,E,B,B,,,E,,,,,,D,B,A,C
E967,D,D,,E,E,A,B,B,D,C,,E,E,,C,C,E,C,A,B,B,B,D,,A,,A,D,D,C,C,E
E968,D,,B,B,,,A,A,D,,E,,A,,D,D,E,A,C,D,A,D,D,,E,,A,,E,,B,
E969,,,,,B,,A,A,B,C,,,,,B,B,,,,,E,,,,,,A,,,D,C,B
E970,A,D,C,A,C,B,E,B,D,A,D,,A,,C,D,E,D,,B,C,C,C,D,A,C,A,,B,A,B,A
E971,E,D,A,A,D,C,D,C,D,A,D,C,A,E,B,A,B,A,A,A,E,C,B,E,C,B,A,E,D,A,C,C
E972,C,D,E,A,A,D,E,C,D,A,,,C,C,C,C,D,E,B,B,E,B,B,C,A,,A,D,E,E,A,C
E973,A,C,C,B,A,D,B,C,C,D,D,C,C,A,C,A,A,D,E,B,B,E,E,A,A,A,D,A,E,B,E,C
E974,A,E,C,B,E,B,D,B,D,A,D,,B,,C,C,E,D,D,B,E,B,D,,D,C,A,C,D,E,A,A
E975,A,D,C,B,A,A,B,E,D,B,D,,C,C,C,C,A,D,C,B,D,B,C,A,A,A,A,B,B,E,A,A
E976,A,A,,A,,,B,A,D,D,,,E,C,A,A,E,E,D,B,B,D,D,,E,,A,,B,E,D,B
E977,,D,,B,E,D,E,,D,A,D,E,C,,C,C,E,A,A,B,C,A,A,D,C,A,E,D,B,E,A,C
E978,D,D,D,B,E,C,E,,D,A,B,B,A,C,C,C,A,D,B,B,,B,B,D,A,C,D,C,E,E,E,A
E979,C,,D,B,A,B,E,E,D,A,D,C,A,C,C,C,,D,,B,A,C,D,,A,C,A,A,B,C,A,D
E980,A,D,D,B,A,D,E,E,D,A,D,D,A,D,C,C,E,D,B,B,B,B,D,D,D,A,A,C,E,B,A,C
E981,A,B,B,B,A,E,E,E,D,A,D,,C,,C,C,A,D,B,B,,B,D,D,A,A,D,B,D,A,D,A
E982,,D,C,B,A,E,,E,D,B,D,C,C,C,C,C,A,D,E,B,D,B,D,D,A,A,D,C,,A,A,A
E983,A,,E,,A,D,A,B,D,D,D,,,C,C,C,A,E,,B,C,C,,,A,A,D,B,,,A,
E984,C,C,C,A,C,B,B,C,D,A,D,C,A,D,C,C,B,E,D,B,D,A,E,D,A,A,A,D,B,A,A,A
E985,B,D,D,B,E,E,A,E,D,D,D,D,E,C,C,A,E,E,D,B,E,B,D,,A,C,D,C,C,B,A,
E986,C,D,E,D,A,D,E,B,D,B,D,E,C,D,B,C,E,E,A,B,C,C,C,E,A,C,D,C,B,B,B,B
E987,B,D,,,E,D,D,,C,D,,B,C,B,,C,A,C,A,B,E,C,C,C,D,,,,A,B,D,C
E988,,,,C,,,A,,D,C,,,A,,,D,E,,,B,B,,C,,,,D,,,,A,C
E989,B,D,D,E,A,D,D,E,D,A,D,C,C,D,C,C,E,D,D,B,C,B,D,D,A,A,D,C,C,,A,A
E990,A,D,C,B,A,E,E,D,D,B,E,B,A,E,D,B,D,D,C,C,C,D,D,C,D,D,B,C,D,C,D,D
E991,C,D,D,B,,D,E,A,D,,D,C,C,,C,C,D,B,A,B,,B,A,D,A,C,A,D,,C,A,D
E992,B,D,C,A,E,C,A,E,D,C,D,A,C,C,B,A,E,A,B,B,D,E,A,C,A,A,C,E,E,E,B,E
E993,D,D,C,B,E,A,A,C,D,D,D,B,B,C,C,C,E,C,A,B,E,C,A,E,C,B,B,B,B,D,B,B
E994,E,D,D,B,A,D,D,B,D,A,D,C,C,E,C,A,A,E,A,B,C,A,D,D,A,C,E,C,C,B,A,A
E995,D,A,,B,A,D,E,,D,D,E,B,D,,C,A,A,D,B,B,,,,,,,D,C,D,,,D
E996,D,,,C,A,B,E,B,A,C,,,E,D,,D,D,D,D,D,B,E,D,B,D,,D,C,C,B,D,A
E997,D,E,,C,A,D,D,C,D,C,D,A,C,D,B,C,E,E,B,B,E,B,B,,A,,A,C,,A,B,
E998,A,D,C,B,E,D,D,A,D,A,D,,A,,C,C,A,A,A,B,C,A,D,,C,C,D,C,B,C,A,D
E999,D,D,E,,E,C,E,E,D,A,E,,,,C,B,E,,D,,D,A,D,,D,,B,C,E,A,A,
E1000,B,B,E,D,C,C,,,D,D,E,,,,,A,B,D,,B,,,C,D,A,A,A,,A,,,C
